ISO-10303-21;
HEADER;
/* Generated by software containing ST-Developer
 * from STEP Tools, Inc. (www.steptools.com) 
 */

FILE_DESCRIPTION(
/* description */ (''),
/* implementation_level */ '2;1');

FILE_NAME(
/* name */ 'Box v3.step',
/* time_stamp */ '2026-09-10T14:45:28+03:00',
/* author */ (''),
/* organization */ (''),
/* preprocessor_version */ 'ST-DEVELOPER v20.1',
/* originating_system */ 'Autodesk Translation Framework v15.8.0.0',
/* authorisation */ '');

FILE_SCHEMA (('AUTOMOTIVE_DESIGN { 1 0 10303 214 3 1 1 }'));
ENDSEC;

DATA;
#10=MECHANICAL_DESIGN_GEOMETRIC_PRESENTATION_REPRESENTATION('',(#13),#2682);
#11=SHAPE_REPRESENTATION_RELATIONSHIP('SRR','None',#2688,#12);
#12=ADVANCED_BREP_SHAPE_REPRESENTATION('',(#14),#2681);
#13=STYLED_ITEM('',(#2715),#14);
#14=MANIFOLD_SOLID_BREP('compartment_bottom',#1611);
#15=FACE_BOUND('',#491,.T.);
#16=FACE_BOUND('',#495,.T.);
#17=FACE_BOUND('',#501,.T.);
#18=FACE_BOUND('',#510,.T.);
#19=FACE_BOUND('',#518,.T.);
#20=FACE_BOUND('',#563,.T.);
#21=FACE_BOUND('',#584,.T.);
#22=FACE_BOUND('',#585,.T.);
#23=FACE_BOUND('',#586,.T.);
#24=FACE_BOUND('',#587,.T.);
#25=FACE_BOUND('',#588,.T.);
#26=FACE_BOUND('',#589,.T.);
#27=FACE_BOUND('',#590,.T.);
#28=CYLINDRICAL_SURFACE('',#1618,2.3);
#29=CYLINDRICAL_SURFACE('',#1633,2.3);
#30=CYLINDRICAL_SURFACE('',#1639,0.999999999999999);
#31=CYLINDRICAL_SURFACE('',#1646,2.3);
#32=CYLINDRICAL_SURFACE('',#1656,2.3);
#33=CYLINDRICAL_SURFACE('',#1674,1.);
#34=CYLINDRICAL_SURFACE('',#1680,1.);
#35=CYLINDRICAL_SURFACE('',#1686,1.);
#36=CYLINDRICAL_SURFACE('',#1692,1.);
#37=CYLINDRICAL_SURFACE('',#1698,1.);
#38=CYLINDRICAL_SURFACE('',#1704,1.);
#39=CYLINDRICAL_SURFACE('',#1716,11.5);
#40=CYLINDRICAL_SURFACE('',#1719,11.5);
#41=CYLINDRICAL_SURFACE('',#1723,3.5);
#42=CYLINDRICAL_SURFACE('',#1727,0.999999999999999);
#43=CYLINDRICAL_SURFACE('',#1736,5.);
#44=CYLINDRICAL_SURFACE('',#1742,7.5);
#45=CYLINDRICAL_SURFACE('',#1747,5.);
#46=CYLINDRICAL_SURFACE('',#1750,7.5);
#47=CYLINDRICAL_SURFACE('',#1754,7.5);
#48=LINE('',#2227,#217);
#49=LINE('',#2230,#218);
#50=LINE('',#2236,#219);
#51=LINE('',#2238,#220);
#52=LINE('',#2240,#221);
#53=LINE('',#2241,#222);
#54=LINE('',#2245,#223);
#55=LINE('',#2246,#224);
#56=LINE('',#2247,#225);
#57=LINE('',#2250,#226);
#58=LINE('',#2251,#227);
#59=LINE('',#2254,#228);
#60=LINE('',#2256,#229);
#61=LINE('',#2258,#230);
#62=LINE('',#2260,#231);
#63=LINE('',#2262,#232);
#64=LINE('',#2264,#233);
#65=LINE('',#2266,#234);
#66=LINE('',#2270,#235);
#67=LINE('',#2272,#236);
#68=LINE('',#2276,#237);
#69=LINE('',#2280,#238);
#70=LINE('',#2282,#239);
#71=LINE('',#2284,#240);
#72=LINE('',#2286,#241);
#73=LINE('',#2287,#242);
#74=LINE('',#2290,#243);
#75=LINE('',#2292,#244);
#76=LINE('',#2294,#245);
#77=LINE('',#2295,#246);
#78=LINE('',#2298,#247);
#79=LINE('',#2300,#248);
#80=LINE('',#2302,#249);
#81=LINE('',#2304,#250);
#82=LINE('',#2305,#251);
#83=LINE('',#2313,#252);
#84=LINE('',#2316,#253);
#85=LINE('',#2321,#254);
#86=LINE('',#2323,#255);
#87=LINE('',#2324,#256);
#88=LINE('',#2326,#257);
#89=LINE('',#2328,#258);
#90=LINE('',#2331,#259);
#91=LINE('',#2333,#260);
#92=LINE('',#2335,#261);
#93=LINE('',#2337,#262);
#94=LINE('',#2338,#263);
#95=LINE('',#2348,#264);
#96=LINE('',#2351,#265);
#97=LINE('',#2355,#266);
#98=LINE('',#2357,#267);
#99=LINE('',#2359,#268);
#100=LINE('',#2360,#269);
#101=LINE('',#2362,#270);
#102=LINE('',#2363,#271);
#103=LINE('',#2365,#272);
#104=LINE('',#2368,#273);
#105=LINE('',#2370,#274);
#106=LINE('',#2371,#275);
#107=LINE('',#2379,#276);
#108=LINE('',#2382,#277);
#109=LINE('',#2385,#278);
#110=LINE('',#2387,#279);
#111=LINE('',#2388,#280);
#112=LINE('',#2390,#281);
#113=LINE('',#2392,#282);
#114=LINE('',#2395,#283);
#115=LINE('',#2396,#284);
#116=LINE('',#2399,#285);
#117=LINE('',#2401,#286);
#118=LINE('',#2402,#287);
#119=LINE('',#2405,#288);
#120=LINE('',#2406,#289);
#121=LINE('',#2409,#290);
#122=LINE('',#2410,#291);
#123=LINE('',#2412,#292);
#124=LINE('',#2417,#293);
#125=LINE('',#2419,#294);
#126=LINE('',#2421,#295);
#127=LINE('',#2422,#296);
#128=LINE('',#2425,#297);
#129=LINE('',#2427,#298);
#130=LINE('',#2428,#299);
#131=LINE('',#2431,#300);
#132=LINE('',#2433,#301);
#133=LINE('',#2434,#302);
#134=LINE('',#2436,#303);
#135=LINE('',#2437,#304);
#136=LINE('',#2443,#305);
#137=LINE('',#2447,#306);
#138=LINE('',#2454,#307);
#139=LINE('',#2458,#308);
#140=LINE('',#2465,#309);
#141=LINE('',#2469,#310);
#142=LINE('',#2476,#311);
#143=LINE('',#2480,#312);
#144=LINE('',#2487,#313);
#145=LINE('',#2491,#314);
#146=LINE('',#2498,#315);
#147=LINE('',#2502,#316);
#148=LINE('',#2508,#317);
#149=LINE('',#2510,#318);
#150=LINE('',#2512,#319);
#151=LINE('',#2513,#320);
#152=LINE('',#2516,#321);
#153=LINE('',#2518,#322);
#154=LINE('',#2522,#323);
#155=LINE('',#2526,#324);
#156=LINE('',#2528,#325);
#157=LINE('',#2529,#326);
#158=LINE('',#2532,#327);
#159=LINE('',#2536,#328);
#160=LINE('',#2539,#329);
#161=LINE('',#2541,#330);
#162=LINE('',#2543,#331);
#163=LINE('',#2545,#332);
#164=LINE('',#2547,#333);
#165=LINE('',#2548,#334);
#166=LINE('',#2550,#335);
#167=LINE('',#2552,#336);
#168=LINE('',#2555,#337);
#169=LINE('',#2558,#338);
#170=LINE('',#2559,#339);
#171=LINE('',#2562,#340);
#172=LINE('',#2566,#341);
#173=LINE('',#2567,#342);
#174=LINE('',#2570,#343);
#175=LINE('',#2571,#344);
#176=LINE('',#2576,#345);
#177=LINE('',#2578,#346);
#178=LINE('',#2580,#347);
#179=LINE('',#2581,#348);
#180=LINE('',#2584,#349);
#181=LINE('',#2586,#350);
#182=LINE('',#2587,#351);
#183=LINE('',#2591,#352);
#184=LINE('',#2592,#353);
#185=LINE('',#2597,#354);
#186=LINE('',#2599,#355);
#187=LINE('',#2601,#356);
#188=LINE('',#2602,#357);
#189=LINE('',#2606,#358);
#190=LINE('',#2609,#359);
#191=LINE('',#2613,#360);
#192=LINE('',#2616,#361);
#193=LINE('',#2621,#362);
#194=LINE('',#2627,#363);
#195=LINE('',#2629,#364);
#196=LINE('',#2630,#365);
#197=LINE('',#2634,#366);
#198=LINE('',#2636,#367);
#199=LINE('',#2637,#368);
#200=LINE('',#2639,#369);
#201=LINE('',#2641,#370);
#202=LINE('',#2642,#371);
#203=LINE('',#2643,#372);
#204=LINE('',#2647,#373);
#205=LINE('',#2649,#374);
#206=LINE('',#2651,#375);
#207=LINE('',#2652,#376);
#208=LINE('',#2657,#377);
#209=LINE('',#2659,#378);
#210=LINE('',#2663,#379);
#211=LINE('',#2666,#380);
#212=LINE('',#2667,#381);
#213=LINE('',#2670,#382);
#214=LINE('',#2671,#383);
#215=LINE('',#2675,#384);
#216=LINE('',#2677,#385);
#217=VECTOR('',#1768,2.55000000000001);
#218=VECTOR('',#1773,2.3);
#219=VECTOR('',#1778,10.);
#220=VECTOR('',#1779,10.);
#221=VECTOR('',#1780,10.);
#222=VECTOR('',#1781,10.);
#223=VECTOR('',#1784,10.);
#224=VECTOR('',#1785,10.);
#225=VECTOR('',#1786,10.);
#226=VECTOR('',#1789,10.);
#227=VECTOR('',#1790,10.);
#228=VECTOR('',#1793,10.);
#229=VECTOR('',#1794,10.);
#230=VECTOR('',#1795,10.);
#231=VECTOR('',#1796,10.);
#232=VECTOR('',#1797,10.);
#233=VECTOR('',#1798,10.);
#234=VECTOR('',#1799,10.);
#235=VECTOR('',#1802,10.);
#236=VECTOR('',#1803,10.);
#237=VECTOR('',#1806,10.);
#238=VECTOR('',#1809,10.);
#239=VECTOR('',#1810,10.);
#240=VECTOR('',#1811,10.);
#241=VECTOR('',#1812,10.);
#242=VECTOR('',#1813,10.);
#243=VECTOR('',#1814,10.);
#244=VECTOR('',#1815,10.);
#245=VECTOR('',#1816,10.);
#246=VECTOR('',#1817,10.);
#247=VECTOR('',#1820,10.);
#248=VECTOR('',#1821,10.);
#249=VECTOR('',#1822,10.);
#250=VECTOR('',#1823,10.);
#251=VECTOR('',#1824,10.);
#252=VECTOR('',#1833,2.55000000000001);
#253=VECTOR('',#1838,2.3);
#254=VECTOR('',#1843,10.);
#255=VECTOR('',#1844,10.);
#256=VECTOR('',#1845,10.);
#257=VECTOR('',#1848,10.);
#258=VECTOR('',#1851,10.);
#259=VECTOR('',#1854,10.);
#260=VECTOR('',#1855,10.);
#261=VECTOR('',#1856,10.);
#262=VECTOR('',#1857,10.);
#263=VECTOR('',#1858,10.);
#264=VECTOR('',#1871,2.55000000000001);
#265=VECTOR('',#1876,2.3);
#266=VECTOR('',#1879,10.);
#267=VECTOR('',#1880,10.);
#268=VECTOR('',#1881,10.);
#269=VECTOR('',#1882,10.);
#270=VECTOR('',#1885,10.);
#271=VECTOR('',#1886,10.);
#272=VECTOR('',#1889,10.);
#273=VECTOR('',#1892,10.);
#274=VECTOR('',#1893,10.);
#275=VECTOR('',#1894,10.);
#276=VECTOR('',#1903,2.55000000000001);
#277=VECTOR('',#1908,2.3);
#278=VECTOR('',#1911,10.);
#279=VECTOR('',#1912,10.);
#280=VECTOR('',#1913,10.);
#281=VECTOR('',#1916,10.);
#282=VECTOR('',#1919,10.);
#283=VECTOR('',#1922,10.);
#284=VECTOR('',#1923,10.);
#285=VECTOR('',#1926,10.);
#286=VECTOR('',#1927,10.);
#287=VECTOR('',#1928,10.);
#288=VECTOR('',#1931,10.);
#289=VECTOR('',#1932,10.);
#290=VECTOR('',#1935,10.);
#291=VECTOR('',#1936,10.);
#292=VECTOR('',#1939,10.);
#293=VECTOR('',#1944,10.);
#294=VECTOR('',#1945,10.);
#295=VECTOR('',#1946,10.);
#296=VECTOR('',#1947,10.);
#297=VECTOR('',#1950,10.);
#298=VECTOR('',#1951,10.);
#299=VECTOR('',#1952,10.);
#300=VECTOR('',#1955,10.);
#301=VECTOR('',#1956,10.);
#302=VECTOR('',#1957,10.);
#303=VECTOR('',#1960,10.);
#304=VECTOR('',#1961,10.);
#305=VECTOR('',#1968,0.800000000000004);
#306=VECTOR('',#1973,1.25);
#307=VECTOR('',#1982,0.800000000000004);
#308=VECTOR('',#1987,1.25);
#309=VECTOR('',#1996,0.800000000000004);
#310=VECTOR('',#2001,1.25);
#311=VECTOR('',#2010,0.800000000000004);
#312=VECTOR('',#2015,1.25);
#313=VECTOR('',#2024,0.800000000000004);
#314=VECTOR('',#2029,1.25);
#315=VECTOR('',#2038,0.800000000000004);
#316=VECTOR('',#2043,1.25);
#317=VECTOR('',#2050,10.);
#318=VECTOR('',#2051,10.);
#319=VECTOR('',#2052,10.);
#320=VECTOR('',#2053,10.);
#321=VECTOR('',#2056,10.);
#322=VECTOR('',#2057,10.);
#323=VECTOR('',#2060,10.);
#324=VECTOR('',#2065,10.);
#325=VECTOR('',#2066,10.);
#326=VECTOR('',#2067,10.);
#327=VECTOR('',#2070,10.);
#328=VECTOR('',#2075,10.);
#329=VECTOR('',#2078,10.);
#330=VECTOR('',#2079,10.);
#331=VECTOR('',#2080,10.);
#332=VECTOR('',#2081,10.);
#333=VECTOR('',#2082,10.);
#334=VECTOR('',#2083,10.);
#335=VECTOR('',#2086,10.);
#336=VECTOR('',#2087,10.);
#337=VECTOR('',#2090,10.);
#338=VECTOR('',#2093,10.);
#339=VECTOR('',#2094,10.);
#340=VECTOR('',#2097,10.);
#341=VECTOR('',#2102,10.);
#342=VECTOR('',#2103,10.);
#343=VECTOR('',#2106,10.);
#344=VECTOR('',#2107,10.);
#345=VECTOR('',#2114,10.);
#346=VECTOR('',#2115,10.);
#347=VECTOR('',#2116,10.);
#348=VECTOR('',#2117,10.);
#349=VECTOR('',#2120,10.);
#350=VECTOR('',#2121,10.);
#351=VECTOR('',#2122,10.);
#352=VECTOR('',#2129,10.);
#353=VECTOR('',#2130,10.);
#354=VECTOR('',#2135,10.);
#355=VECTOR('',#2136,10.);
#356=VECTOR('',#2137,10.);
#357=VECTOR('',#2138,10.);
#358=VECTOR('',#2141,10.);
#359=VECTOR('',#2144,10.);
#360=VECTOR('',#2147,10.);
#361=VECTOR('',#2150,10.);
#362=VECTOR('',#2155,10.);
#363=VECTOR('',#2162,10.);
#364=VECTOR('',#2163,10.);
#365=VECTOR('',#2164,10.);
#366=VECTOR('',#2167,10.);
#367=VECTOR('',#2168,10.);
#368=VECTOR('',#2169,10.);
#369=VECTOR('',#2170,10.);
#370=VECTOR('',#2171,10.);
#371=VECTOR('',#2172,10.);
#372=VECTOR('',#2173,10.);
#373=VECTOR('',#2178,10.);
#374=VECTOR('',#2181,10.);
#375=VECTOR('',#2184,10.);
#376=VECTOR('',#2185,10.);
#377=VECTOR('',#2192,10.);
#378=VECTOR('',#2195,10.);
#379=VECTOR('',#2200,10.);
#380=VECTOR('',#2203,10.);
#381=VECTOR('',#2204,10.);
#382=VECTOR('',#2207,10.);
#383=VECTOR('',#2208,10.);
#384=VECTOR('',#2213,10.);
#385=VECTOR('',#2216,10.);
#386=CONICAL_SURFACE('',#1615,2.55000000000001,0.785398163397453);
#387=CONICAL_SURFACE('',#1630,2.55000000000001,0.785398163397453);
#388=CONICAL_SURFACE('',#1643,2.55000000000001,0.785398163397453);
#389=CONICAL_SURFACE('',#1653,2.55000000000001,0.785398163397453);
#390=CONICAL_SURFACE('',#1671,0.800000000000004,0.785398163397437);
#391=CONICAL_SURFACE('',#1677,0.800000000000004,0.785398163397437);
#392=CONICAL_SURFACE('',#1683,0.800000000000004,0.785398163397437);
#393=CONICAL_SURFACE('',#1689,0.800000000000004,0.785398163397437);
#394=CONICAL_SURFACE('',#1695,0.800000000000004,0.785398163397437);
#395=CONICAL_SURFACE('',#1701,0.800000000000004,0.785398163397437);
#396=FACE_OUTER_BOUND('',#487,.T.);
#397=FACE_OUTER_BOUND('',#488,.T.);
#398=FACE_OUTER_BOUND('',#489,.T.);
#399=FACE_OUTER_BOUND('',#490,.T.);
#400=FACE_OUTER_BOUND('',#492,.T.);
#401=FACE_OUTER_BOUND('',#493,.T.);
#402=FACE_OUTER_BOUND('',#494,.T.);
#403=FACE_OUTER_BOUND('',#496,.T.);
#404=FACE_OUTER_BOUND('',#497,.T.);
#405=FACE_OUTER_BOUND('',#498,.T.);
#406=FACE_OUTER_BOUND('',#499,.T.);
#407=FACE_OUTER_BOUND('',#500,.T.);
#408=FACE_OUTER_BOUND('',#502,.T.);
#409=FACE_OUTER_BOUND('',#503,.T.);
#410=FACE_OUTER_BOUND('',#504,.T.);
#411=FACE_OUTER_BOUND('',#505,.T.);
#412=FACE_OUTER_BOUND('',#506,.T.);
#413=FACE_OUTER_BOUND('',#507,.T.);
#414=FACE_OUTER_BOUND('',#508,.T.);
#415=FACE_OUTER_BOUND('',#509,.T.);
#416=FACE_OUTER_BOUND('',#511,.T.);
#417=FACE_OUTER_BOUND('',#512,.T.);
#418=FACE_OUTER_BOUND('',#513,.T.);
#419=FACE_OUTER_BOUND('',#514,.T.);
#420=FACE_OUTER_BOUND('',#515,.T.);
#421=FACE_OUTER_BOUND('',#516,.T.);
#422=FACE_OUTER_BOUND('',#517,.T.);
#423=FACE_OUTER_BOUND('',#519,.T.);
#424=FACE_OUTER_BOUND('',#520,.T.);
#425=FACE_OUTER_BOUND('',#521,.T.);
#426=FACE_OUTER_BOUND('',#522,.T.);
#427=FACE_OUTER_BOUND('',#523,.T.);
#428=FACE_OUTER_BOUND('',#524,.T.);
#429=FACE_OUTER_BOUND('',#525,.T.);
#430=FACE_OUTER_BOUND('',#526,.T.);
#431=FACE_OUTER_BOUND('',#527,.T.);
#432=FACE_OUTER_BOUND('',#528,.T.);
#433=FACE_OUTER_BOUND('',#529,.T.);
#434=FACE_OUTER_BOUND('',#530,.T.);
#435=FACE_OUTER_BOUND('',#531,.T.);
#436=FACE_OUTER_BOUND('',#532,.T.);
#437=FACE_OUTER_BOUND('',#533,.T.);
#438=FACE_OUTER_BOUND('',#534,.T.);
#439=FACE_OUTER_BOUND('',#535,.T.);
#440=FACE_OUTER_BOUND('',#536,.T.);
#441=FACE_OUTER_BOUND('',#537,.T.);
#442=FACE_OUTER_BOUND('',#538,.T.);
#443=FACE_OUTER_BOUND('',#539,.T.);
#444=FACE_OUTER_BOUND('',#540,.T.);
#445=FACE_OUTER_BOUND('',#541,.T.);
#446=FACE_OUTER_BOUND('',#542,.T.);
#447=FACE_OUTER_BOUND('',#543,.T.);
#448=FACE_OUTER_BOUND('',#544,.T.);
#449=FACE_OUTER_BOUND('',#545,.T.);
#450=FACE_OUTER_BOUND('',#546,.T.);
#451=FACE_OUTER_BOUND('',#547,.T.);
#452=FACE_OUTER_BOUND('',#548,.T.);
#453=FACE_OUTER_BOUND('',#549,.T.);
#454=FACE_OUTER_BOUND('',#550,.T.);
#455=FACE_OUTER_BOUND('',#551,.T.);
#456=FACE_OUTER_BOUND('',#552,.T.);
#457=FACE_OUTER_BOUND('',#553,.T.);
#458=FACE_OUTER_BOUND('',#554,.T.);
#459=FACE_OUTER_BOUND('',#555,.T.);
#460=FACE_OUTER_BOUND('',#556,.T.);
#461=FACE_OUTER_BOUND('',#557,.T.);
#462=FACE_OUTER_BOUND('',#558,.T.);
#463=FACE_OUTER_BOUND('',#559,.T.);
#464=FACE_OUTER_BOUND('',#560,.T.);
#465=FACE_OUTER_BOUND('',#561,.T.);
#466=FACE_OUTER_BOUND('',#562,.T.);
#467=FACE_OUTER_BOUND('',#564,.T.);
#468=FACE_OUTER_BOUND('',#565,.T.);
#469=FACE_OUTER_BOUND('',#566,.T.);
#470=FACE_OUTER_BOUND('',#567,.T.);
#471=FACE_OUTER_BOUND('',#568,.T.);
#472=FACE_OUTER_BOUND('',#569,.T.);
#473=FACE_OUTER_BOUND('',#570,.T.);
#474=FACE_OUTER_BOUND('',#571,.T.);
#475=FACE_OUTER_BOUND('',#572,.T.);
#476=FACE_OUTER_BOUND('',#573,.T.);
#477=FACE_OUTER_BOUND('',#574,.T.);
#478=FACE_OUTER_BOUND('',#575,.T.);
#479=FACE_OUTER_BOUND('',#576,.T.);
#480=FACE_OUTER_BOUND('',#577,.T.);
#481=FACE_OUTER_BOUND('',#578,.T.);
#482=FACE_OUTER_BOUND('',#579,.T.);
#483=FACE_OUTER_BOUND('',#580,.T.);
#484=FACE_OUTER_BOUND('',#581,.T.);
#485=FACE_OUTER_BOUND('',#582,.T.);
#486=FACE_OUTER_BOUND('',#583,.T.);
#487=EDGE_LOOP('',(#1013));
#488=EDGE_LOOP('',(#1014,#1015,#1016,#1017));
#489=EDGE_LOOP('',(#1018,#1019,#1020,#1021));
#490=EDGE_LOOP('',(#1022,#1023,#1024,#1025,#1026));
#491=EDGE_LOOP('',(#1027));
#492=EDGE_LOOP('',(#1028,#1029,#1030,#1031));
#493=EDGE_LOOP('',(#1032,#1033,#1034,#1035));
#494=EDGE_LOOP('',(#1036,#1037,#1038,#1039,#1040,#1041,#1042,#1043,#1044,
#1045,#1046,#1047,#1048,#1049,#1050,#1051,#1052,#1053,#1054,#1055));
#495=EDGE_LOOP('',(#1056,#1057,#1058,#1059));
#496=EDGE_LOOP('',(#1060,#1061,#1062,#1063,#1064,#1065,#1066,#1067));
#497=EDGE_LOOP('',(#1068));
#498=EDGE_LOOP('',(#1069,#1070,#1071,#1072));
#499=EDGE_LOOP('',(#1073,#1074,#1075,#1076));
#500=EDGE_LOOP('',(#1077,#1078,#1079,#1080,#1081));
#501=EDGE_LOOP('',(#1082));
#502=EDGE_LOOP('',(#1083,#1084,#1085,#1086));
#503=EDGE_LOOP('',(#1087,#1088,#1089,#1090));
#504=EDGE_LOOP('',(#1091,#1092,#1093,#1094,#1095,#1096,#1097,#1098));
#505=EDGE_LOOP('',(#1099,#1100,#1101,#1102));
#506=EDGE_LOOP('',(#1103));
#507=EDGE_LOOP('',(#1104,#1105,#1106,#1107));
#508=EDGE_LOOP('',(#1108,#1109,#1110,#1111));
#509=EDGE_LOOP('',(#1112,#1113,#1114,#1115));
#510=EDGE_LOOP('',(#1116));
#511=EDGE_LOOP('',(#1117,#1118,#1119,#1120));
#512=EDGE_LOOP('',(#1121,#1122,#1123,#1124));
#513=EDGE_LOOP('',(#1125,#1126,#1127,#1128,#1129,#1130,#1131,#1132));
#514=EDGE_LOOP('',(#1133));
#515=EDGE_LOOP('',(#1134,#1135,#1136,#1137));
#516=EDGE_LOOP('',(#1138,#1139,#1140,#1141));
#517=EDGE_LOOP('',(#1142,#1143,#1144,#1145));
#518=EDGE_LOOP('',(#1146));
#519=EDGE_LOOP('',(#1147,#1148,#1149,#1150));
#520=EDGE_LOOP('',(#1151,#1152,#1153,#1154));
#521=EDGE_LOOP('',(#1155,#1156,#1157,#1158,#1159,#1160));
#522=EDGE_LOOP('',(#1161,#1162,#1163,#1164));
#523=EDGE_LOOP('',(#1165,#1166,#1167,#1168));
#524=EDGE_LOOP('',(#1169,#1170,#1171,#1172));
#525=EDGE_LOOP('',(#1173,#1174,#1175,#1176));
#526=EDGE_LOOP('',(#1177,#1178,#1179,#1180));
#527=EDGE_LOOP('',(#1181,#1182,#1183,#1184));
#528=EDGE_LOOP('',(#1185,#1186,#1187,#1188));
#529=EDGE_LOOP('',(#1189,#1190,#1191,#1192));
#530=EDGE_LOOP('',(#1193,#1194,#1195,#1196));
#531=EDGE_LOOP('',(#1197,#1198,#1199,#1200));
#532=EDGE_LOOP('',(#1201,#1202,#1203,#1204));
#533=EDGE_LOOP('',(#1205,#1206,#1207,#1208));
#534=EDGE_LOOP('',(#1209));
#535=EDGE_LOOP('',(#1210,#1211,#1212,#1213));
#536=EDGE_LOOP('',(#1214,#1215,#1216,#1217));
#537=EDGE_LOOP('',(#1218));
#538=EDGE_LOOP('',(#1219,#1220,#1221,#1222));
#539=EDGE_LOOP('',(#1223,#1224,#1225,#1226));
#540=EDGE_LOOP('',(#1227));
#541=EDGE_LOOP('',(#1228,#1229,#1230,#1231));
#542=EDGE_LOOP('',(#1232,#1233,#1234,#1235));
#543=EDGE_LOOP('',(#1236));
#544=EDGE_LOOP('',(#1237,#1238,#1239,#1240));
#545=EDGE_LOOP('',(#1241,#1242,#1243,#1244));
#546=EDGE_LOOP('',(#1245));
#547=EDGE_LOOP('',(#1246,#1247,#1248,#1249));
#548=EDGE_LOOP('',(#1250,#1251,#1252,#1253));
#549=EDGE_LOOP('',(#1254));
#550=EDGE_LOOP('',(#1255,#1256,#1257,#1258));
#551=EDGE_LOOP('',(#1259,#1260,#1261,#1262,#1263,#1264));
#552=EDGE_LOOP('',(#1265,#1266,#1267,#1268));
#553=EDGE_LOOP('',(#1269,#1270,#1271,#1272,#1273,#1274));
#554=EDGE_LOOP('',(#1275,#1276,#1277,#1278,#1279,#1280,#1281,#1282,#1283));
#555=EDGE_LOOP('',(#1284,#1285,#1286,#1287,#1288,#1289,#1290,#1291));
#556=EDGE_LOOP('',(#1292,#1293,#1294,#1295));
#557=EDGE_LOOP('',(#1296,#1297,#1298,#1299));
#558=EDGE_LOOP('',(#1300,#1301,#1302,#1303));
#559=EDGE_LOOP('',(#1304,#1305,#1306,#1307));
#560=EDGE_LOOP('',(#1308,#1309,#1310,#1311));
#561=EDGE_LOOP('',(#1312,#1313,#1314,#1315,#1316,#1317,#1318,#1319,#1320,
#1321));
#562=EDGE_LOOP('',(#1322,#1323,#1324,#1325,#1326,#1327,#1328,#1329));
#563=EDGE_LOOP('',(#1330,#1331,#1332,#1333));
#564=EDGE_LOOP('',(#1334,#1335,#1336,#1337));
#565=EDGE_LOOP('',(#1338,#1339,#1340,#1341));
#566=EDGE_LOOP('',(#1342,#1343,#1344));
#567=EDGE_LOOP('',(#1345,#1346,#1347,#1348));
#568=EDGE_LOOP('',(#1349,#1350,#1351,#1352,#1353,#1354,#1355,#1356));
#569=EDGE_LOOP('',(#1357,#1358,#1359,#1360));
#570=EDGE_LOOP('',(#1361,#1362,#1363,#1364,#1365,#1366));
#571=EDGE_LOOP('',(#1367,#1368,#1369,#1370,#1371,#1372,#1373,#1374,#1375));
#572=EDGE_LOOP('',(#1376,#1377,#1378,#1379,#1380,#1381,#1382,#1383));
#573=EDGE_LOOP('',(#1384,#1385,#1386,#1387));
#574=EDGE_LOOP('',(#1388,#1389,#1390,#1391));
#575=EDGE_LOOP('',(#1392,#1393,#1394));
#576=EDGE_LOOP('',(#1395,#1396,#1397,#1398));
#577=EDGE_LOOP('',(#1399,#1400,#1401,#1402));
#578=EDGE_LOOP('',(#1403,#1404,#1405,#1406));
#579=EDGE_LOOP('',(#1407,#1408,#1409,#1410));
#580=EDGE_LOOP('',(#1411,#1412,#1413,#1414));
#581=EDGE_LOOP('',(#1415,#1416,#1417,#1418));
#582=EDGE_LOOP('',(#1419,#1420,#1421,#1422));
#583=EDGE_LOOP('',(#1423,#1424,#1425,#1426,#1427,#1428,#1429,#1430,#1431,
#1432,#1433,#1434,#1435,#1436,#1437));
#584=EDGE_LOOP('',(#1438));
#585=EDGE_LOOP('',(#1439));
#586=EDGE_LOOP('',(#1440));
#587=EDGE_LOOP('',(#1441));
#588=EDGE_LOOP('',(#1442));
#589=EDGE_LOOP('',(#1443));
#590=EDGE_LOOP('',(#1444,#1445,#1446,#1447,#1448,#1449,#1450,#1451,#1452,
#1453,#1454,#1455,#1456,#1457,#1458));
#591=CIRCLE('',#1614,2.3);
#592=CIRCLE('',#1616,2.80000000000001);
#593=CIRCLE('',#1617,2.3);
#594=CIRCLE('',#1620,0.999999999999999);
#595=CIRCLE('',#1624,3.5);
#596=CIRCLE('',#1625,11.5);
#597=CIRCLE('',#1626,11.5);
#598=CIRCLE('',#1629,2.3);
#599=CIRCLE('',#1631,2.80000000000001);
#600=CIRCLE('',#1632,2.3);
#601=CIRCLE('',#1635,0.999999999999999);
#602=CIRCLE('',#1640,0.999999999999999);
#603=CIRCLE('',#1642,2.3);
#604=CIRCLE('',#1644,2.80000000000001);
#605=CIRCLE('',#1645,2.3);
#606=CIRCLE('',#1652,2.3);
#607=CIRCLE('',#1654,2.80000000000001);
#608=CIRCLE('',#1655,2.3);
#609=CIRCLE('',#1672,0.600000000000009);
#610=CIRCLE('',#1673,1.);
#611=CIRCLE('',#1675,1.);
#612=CIRCLE('',#1678,0.600000000000009);
#613=CIRCLE('',#1679,1.);
#614=CIRCLE('',#1681,1.);
#615=CIRCLE('',#1684,0.600000000000009);
#616=CIRCLE('',#1685,1.);
#617=CIRCLE('',#1687,1.);
#618=CIRCLE('',#1690,0.600000000000009);
#619=CIRCLE('',#1691,1.);
#620=CIRCLE('',#1693,1.);
#621=CIRCLE('',#1696,0.600000000000009);
#622=CIRCLE('',#1697,1.);
#623=CIRCLE('',#1699,1.);
#624=CIRCLE('',#1702,1.);
#625=CIRCLE('',#1703,0.600000000000009);
#626=CIRCLE('',#1705,1.);
#627=CIRCLE('',#1709,11.5);
#628=CIRCLE('',#1710,7.5);
#629=CIRCLE('',#1713,7.5);
#630=CIRCLE('',#1714,11.5);
#631=CIRCLE('',#1717,11.5);
#632=CIRCLE('',#1720,11.5);
#633=CIRCLE('',#1724,3.5);
#634=CIRCLE('',#1728,0.999999999999999);
#635=CIRCLE('',#1733,7.5);
#636=CIRCLE('',#1734,7.5);
#637=CIRCLE('',#1735,7.5);
#638=CIRCLE('',#1737,5.);
#639=CIRCLE('',#1738,5.);
#640=CIRCLE('',#1740,5.);
#641=CIRCLE('',#1743,7.5);
#642=CIRCLE('',#1748,5.);
#643=CIRCLE('',#1751,7.5);
#644=CIRCLE('',#1755,7.5);
#645=VERTEX_POINT('',#2221);
#646=VERTEX_POINT('',#2224);
#647=VERTEX_POINT('',#2226);
#648=VERTEX_POINT('',#2232);
#649=VERTEX_POINT('',#2233);
#650=VERTEX_POINT('',#2235);
#651=VERTEX_POINT('',#2237);
#652=VERTEX_POINT('',#2239);
#653=VERTEX_POINT('',#2243);
#654=VERTEX_POINT('',#2244);
#655=VERTEX_POINT('',#2249);
#656=VERTEX_POINT('',#2253);
#657=VERTEX_POINT('',#2255);
#658=VERTEX_POINT('',#2257);
#659=VERTEX_POINT('',#2259);
#660=VERTEX_POINT('',#2261);
#661=VERTEX_POINT('',#2263);
#662=VERTEX_POINT('',#2265);
#663=VERTEX_POINT('',#2267);
#664=VERTEX_POINT('',#2269);
#665=VERTEX_POINT('',#2271);
#666=VERTEX_POINT('',#2273);
#667=VERTEX_POINT('',#2275);
#668=VERTEX_POINT('',#2277);
#669=VERTEX_POINT('',#2279);
#670=VERTEX_POINT('',#2281);
#671=VERTEX_POINT('',#2283);
#672=VERTEX_POINT('',#2285);
#673=VERTEX_POINT('',#2288);
#674=VERTEX_POINT('',#2289);
#675=VERTEX_POINT('',#2291);
#676=VERTEX_POINT('',#2293);
#677=VERTEX_POINT('',#2297);
#678=VERTEX_POINT('',#2299);
#679=VERTEX_POINT('',#2301);
#680=VERTEX_POINT('',#2303);
#681=VERTEX_POINT('',#2307);
#682=VERTEX_POINT('',#2310);
#683=VERTEX_POINT('',#2312);
#684=VERTEX_POINT('',#2318);
#685=VERTEX_POINT('',#2320);
#686=VERTEX_POINT('',#2322);
#687=VERTEX_POINT('',#2330);
#688=VERTEX_POINT('',#2332);
#689=VERTEX_POINT('',#2334);
#690=VERTEX_POINT('',#2336);
#691=VERTEX_POINT('',#2342);
#692=VERTEX_POINT('',#2345);
#693=VERTEX_POINT('',#2347);
#694=VERTEX_POINT('',#2353);
#695=VERTEX_POINT('',#2354);
#696=VERTEX_POINT('',#2356);
#697=VERTEX_POINT('',#2358);
#698=VERTEX_POINT('',#2367);
#699=VERTEX_POINT('',#2369);
#700=VERTEX_POINT('',#2373);
#701=VERTEX_POINT('',#2376);
#702=VERTEX_POINT('',#2378);
#703=VERTEX_POINT('',#2384);
#704=VERTEX_POINT('',#2386);
#705=VERTEX_POINT('',#2394);
#706=VERTEX_POINT('',#2398);
#707=VERTEX_POINT('',#2400);
#708=VERTEX_POINT('',#2404);
#709=VERTEX_POINT('',#2408);
#710=VERTEX_POINT('',#2415);
#711=VERTEX_POINT('',#2416);
#712=VERTEX_POINT('',#2418);
#713=VERTEX_POINT('',#2420);
#714=VERTEX_POINT('',#2424);
#715=VERTEX_POINT('',#2426);
#716=VERTEX_POINT('',#2430);
#717=VERTEX_POINT('',#2432);
#718=VERTEX_POINT('',#2440);
#719=VERTEX_POINT('',#2442);
#720=VERTEX_POINT('',#2446);
#721=VERTEX_POINT('',#2451);
#722=VERTEX_POINT('',#2453);
#723=VERTEX_POINT('',#2457);
#724=VERTEX_POINT('',#2462);
#725=VERTEX_POINT('',#2464);
#726=VERTEX_POINT('',#2468);
#727=VERTEX_POINT('',#2473);
#728=VERTEX_POINT('',#2475);
#729=VERTEX_POINT('',#2479);
#730=VERTEX_POINT('',#2484);
#731=VERTEX_POINT('',#2486);
#732=VERTEX_POINT('',#2490);
#733=VERTEX_POINT('',#2495);
#734=VERTEX_POINT('',#2497);
#735=VERTEX_POINT('',#2501);
#736=VERTEX_POINT('',#2506);
#737=VERTEX_POINT('',#2507);
#738=VERTEX_POINT('',#2509);
#739=VERTEX_POINT('',#2511);
#740=VERTEX_POINT('',#2515);
#741=VERTEX_POINT('',#2517);
#742=VERTEX_POINT('',#2519);
#743=VERTEX_POINT('',#2521);
#744=VERTEX_POINT('',#2525);
#745=VERTEX_POINT('',#2527);
#746=VERTEX_POINT('',#2531);
#747=VERTEX_POINT('',#2534);
#748=VERTEX_POINT('',#2538);
#749=VERTEX_POINT('',#2540);
#750=VERTEX_POINT('',#2542);
#751=VERTEX_POINT('',#2544);
#752=VERTEX_POINT('',#2546);
#753=VERTEX_POINT('',#2551);
#754=VERTEX_POINT('',#2553);
#755=VERTEX_POINT('',#2557);
#756=VERTEX_POINT('',#2561);
#757=VERTEX_POINT('',#2565);
#758=VERTEX_POINT('',#2569);
#759=VERTEX_POINT('',#2575);
#760=VERTEX_POINT('',#2577);
#761=VERTEX_POINT('',#2579);
#762=VERTEX_POINT('',#2583);
#763=VERTEX_POINT('',#2585);
#764=VERTEX_POINT('',#2595);
#765=VERTEX_POINT('',#2596);
#766=VERTEX_POINT('',#2598);
#767=VERTEX_POINT('',#2600);
#768=VERTEX_POINT('',#2604);
#769=VERTEX_POINT('',#2605);
#770=VERTEX_POINT('',#2607);
#771=VERTEX_POINT('',#2610);
#772=VERTEX_POINT('',#2612);
#773=VERTEX_POINT('',#2614);
#774=VERTEX_POINT('',#2618);
#775=VERTEX_POINT('',#2620);
#776=VERTEX_POINT('',#2624);
#777=VERTEX_POINT('',#2626);
#778=VERTEX_POINT('',#2628);
#779=VERTEX_POINT('',#2632);
#780=VERTEX_POINT('',#2633);
#781=VERTEX_POINT('',#2635);
#782=VERTEX_POINT('',#2638);
#783=VERTEX_POINT('',#2640);
#784=VERTEX_POINT('',#2645);
#785=VERTEX_POINT('',#2655);
#786=VERTEX_POINT('',#2661);
#787=VERTEX_POINT('',#2665);
#788=VERTEX_POINT('',#2669);
#789=VERTEX_POINT('',#2673);
#790=EDGE_CURVE('',#645,#645,#591,.T.);
#791=EDGE_CURVE('',#646,#646,#592,.T.);
#792=EDGE_CURVE('',#646,#647,#48,.T.);
#793=EDGE_CURVE('',#647,#647,#593,.T.);
#794=EDGE_CURVE('',#647,#645,#49,.T.);
#795=EDGE_CURVE('',#648,#649,#594,.T.);
#796=EDGE_CURVE('',#650,#648,#50,.T.);
#797=EDGE_CURVE('',#650,#651,#51,.T.);
#798=EDGE_CURVE('',#651,#652,#52,.T.);
#799=EDGE_CURVE('',#649,#652,#53,.T.);
#800=EDGE_CURVE('',#653,#654,#54,.T.);
#801=EDGE_CURVE('',#652,#653,#55,.T.);
#802=EDGE_CURVE('',#654,#651,#56,.T.);
#803=EDGE_CURVE('',#654,#655,#57,.T.);
#804=EDGE_CURVE('',#655,#650,#58,.T.);
#805=EDGE_CURVE('',#655,#656,#59,.F.);
#806=EDGE_CURVE('',#656,#657,#60,.T.);
#807=EDGE_CURVE('',#657,#658,#61,.T.);
#808=EDGE_CURVE('',#658,#659,#62,.T.);
#809=EDGE_CURVE('',#659,#660,#63,.T.);
#810=EDGE_CURVE('',#660,#661,#64,.T.);
#811=EDGE_CURVE('',#661,#662,#65,.T.);
#812=EDGE_CURVE('',#663,#662,#595,.T.);
#813=EDGE_CURVE('',#664,#663,#66,.T.);
#814=EDGE_CURVE('',#665,#664,#67,.T.);
#815=EDGE_CURVE('',#666,#665,#596,.T.);
#816=EDGE_CURVE('',#667,#666,#68,.T.);
#817=EDGE_CURVE('',#668,#667,#597,.T.);
#818=EDGE_CURVE('',#669,#668,#69,.T.);
#819=EDGE_CURVE('',#669,#670,#70,.T.);
#820=EDGE_CURVE('',#670,#671,#71,.T.);
#821=EDGE_CURVE('',#671,#672,#72,.T.);
#822=EDGE_CURVE('',#672,#653,#73,.T.);
#823=EDGE_CURVE('',#673,#674,#74,.T.);
#824=EDGE_CURVE('',#674,#675,#75,.T.);
#825=EDGE_CURVE('',#675,#676,#76,.T.);
#826=EDGE_CURVE('',#676,#673,#77,.T.);
#827=EDGE_CURVE('',#648,#677,#78,.T.);
#828=EDGE_CURVE('',#678,#677,#79,.T.);
#829=EDGE_CURVE('',#678,#679,#80,.T.);
#830=EDGE_CURVE('',#679,#680,#81,.T.);
#831=EDGE_CURVE('',#680,#656,#82,.T.);
#832=EDGE_CURVE('',#681,#681,#598,.T.);
#833=EDGE_CURVE('',#682,#682,#599,.T.);
#834=EDGE_CURVE('',#682,#683,#83,.T.);
#835=EDGE_CURVE('',#683,#683,#600,.T.);
#836=EDGE_CURVE('',#683,#681,#84,.T.);
#837=EDGE_CURVE('',#684,#679,#601,.T.);
#838=EDGE_CURVE('',#685,#684,#85,.T.);
#839=EDGE_CURVE('',#685,#686,#86,.T.);
#840=EDGE_CURVE('',#686,#680,#87,.T.);
#841=EDGE_CURVE('',#657,#686,#88,.T.);
#842=EDGE_CURVE('',#658,#685,#89,.T.);
#843=EDGE_CURVE('',#684,#687,#90,.T.);
#844=EDGE_CURVE('',#688,#687,#91,.T.);
#845=EDGE_CURVE('',#689,#688,#92,.F.);
#846=EDGE_CURVE('',#689,#690,#93,.T.);
#847=EDGE_CURVE('',#690,#659,#94,.T.);
#848=EDGE_CURVE('',#687,#678,#602,.T.);
#849=EDGE_CURVE('',#691,#691,#603,.T.);
#850=EDGE_CURVE('',#692,#692,#604,.T.);
#851=EDGE_CURVE('',#692,#693,#95,.T.);
#852=EDGE_CURVE('',#693,#693,#605,.T.);
#853=EDGE_CURVE('',#693,#691,#96,.T.);
#854=EDGE_CURVE('',#694,#695,#97,.T.);
#855=EDGE_CURVE('',#696,#694,#98,.T.);
#856=EDGE_CURVE('',#696,#697,#99,.T.);
#857=EDGE_CURVE('',#697,#695,#100,.T.);
#858=EDGE_CURVE('',#695,#670,#101,.T.);
#859=EDGE_CURVE('',#671,#697,#102,.T.);
#860=EDGE_CURVE('',#672,#696,#103,.T.);
#861=EDGE_CURVE('',#694,#698,#104,.T.);
#862=EDGE_CURVE('',#699,#698,#105,.T.);
#863=EDGE_CURVE('',#699,#649,#106,.T.);
#864=EDGE_CURVE('',#700,#700,#606,.T.);
#865=EDGE_CURVE('',#701,#701,#607,.T.);
#866=EDGE_CURVE('',#701,#702,#107,.T.);
#867=EDGE_CURVE('',#702,#702,#608,.T.);
#868=EDGE_CURVE('',#702,#700,#108,.T.);
#869=EDGE_CURVE('',#703,#689,#109,.T.);
#870=EDGE_CURVE('',#703,#704,#110,.T.);
#871=EDGE_CURVE('',#704,#690,#111,.T.);
#872=EDGE_CURVE('',#660,#704,#112,.T.);
#873=EDGE_CURVE('',#661,#703,#113,.T.);
#874=EDGE_CURVE('',#705,#688,#114,.T.);
#875=EDGE_CURVE('',#705,#662,#115,.T.);
#876=EDGE_CURVE('',#673,#706,#116,.T.);
#877=EDGE_CURVE('',#707,#706,#117,.T.);
#878=EDGE_CURVE('',#674,#707,#118,.T.);
#879=EDGE_CURVE('',#708,#707,#119,.T.);
#880=EDGE_CURVE('',#675,#708,#120,.T.);
#881=EDGE_CURVE('',#709,#708,#121,.T.);
#882=EDGE_CURVE('',#676,#709,#122,.T.);
#883=EDGE_CURVE('',#706,#709,#123,.T.);
#884=EDGE_CURVE('',#710,#711,#124,.T.);
#885=EDGE_CURVE('',#712,#711,#125,.T.);
#886=EDGE_CURVE('',#712,#713,#126,.T.);
#887=EDGE_CURVE('',#713,#710,#127,.T.);
#888=EDGE_CURVE('',#713,#714,#128,.T.);
#889=EDGE_CURVE('',#715,#712,#129,.T.);
#890=EDGE_CURVE('',#714,#715,#130,.T.);
#891=EDGE_CURVE('',#714,#716,#131,.T.);
#892=EDGE_CURVE('',#717,#715,#132,.T.);
#893=EDGE_CURVE('',#716,#717,#133,.T.);
#894=EDGE_CURVE('',#716,#710,#134,.T.);
#895=EDGE_CURVE('',#711,#717,#135,.T.);
#896=EDGE_CURVE('',#718,#718,#609,.T.);
#897=EDGE_CURVE('',#718,#719,#136,.T.);
#898=EDGE_CURVE('',#719,#719,#610,.T.);
#899=EDGE_CURVE('',#719,#720,#137,.T.);
#900=EDGE_CURVE('',#720,#720,#611,.T.);
#901=EDGE_CURVE('',#721,#721,#612,.T.);
#902=EDGE_CURVE('',#721,#722,#138,.T.);
#903=EDGE_CURVE('',#722,#722,#613,.T.);
#904=EDGE_CURVE('',#722,#723,#139,.T.);
#905=EDGE_CURVE('',#723,#723,#614,.T.);
#906=EDGE_CURVE('',#724,#724,#615,.T.);
#907=EDGE_CURVE('',#724,#725,#140,.T.);
#908=EDGE_CURVE('',#725,#725,#616,.T.);
#909=EDGE_CURVE('',#725,#726,#141,.T.);
#910=EDGE_CURVE('',#726,#726,#617,.T.);
#911=EDGE_CURVE('',#727,#727,#618,.T.);
#912=EDGE_CURVE('',#727,#728,#142,.T.);
#913=EDGE_CURVE('',#728,#728,#619,.T.);
#914=EDGE_CURVE('',#728,#729,#143,.T.);
#915=EDGE_CURVE('',#729,#729,#620,.T.);
#916=EDGE_CURVE('',#730,#730,#621,.T.);
#917=EDGE_CURVE('',#730,#731,#144,.T.);
#918=EDGE_CURVE('',#731,#731,#622,.T.);
#919=EDGE_CURVE('',#731,#732,#145,.T.);
#920=EDGE_CURVE('',#732,#732,#623,.T.);
#921=EDGE_CURVE('',#733,#733,#624,.T.);
#922=EDGE_CURVE('',#733,#734,#146,.T.);
#923=EDGE_CURVE('',#734,#734,#625,.T.);
#924=EDGE_CURVE('',#733,#735,#147,.T.);
#925=EDGE_CURVE('',#735,#735,#626,.T.);
#926=EDGE_CURVE('',#736,#737,#148,.T.);
#927=EDGE_CURVE('',#736,#738,#149,.T.);
#928=EDGE_CURVE('',#739,#738,#150,.T.);
#929=EDGE_CURVE('',#737,#739,#151,.T.);
#930=EDGE_CURVE('',#737,#740,#152,.T.);
#931=EDGE_CURVE('',#741,#739,#153,.T.);
#932=EDGE_CURVE('',#742,#741,#627,.T.);
#933=EDGE_CURVE('',#743,#742,#154,.T.);
#934=EDGE_CURVE('',#740,#743,#628,.T.);
#935=EDGE_CURVE('',#743,#744,#155,.T.);
#936=EDGE_CURVE('',#745,#742,#156,.T.);
#937=EDGE_CURVE('',#744,#745,#157,.T.);
#938=EDGE_CURVE('',#746,#736,#158,.T.);
#939=EDGE_CURVE('',#744,#746,#629,.T.);
#940=EDGE_CURVE('',#747,#745,#630,.T.);
#941=EDGE_CURVE('',#738,#747,#159,.T.);
#942=EDGE_CURVE('',#748,#740,#160,.T.);
#943=EDGE_CURVE('',#748,#749,#161,.T.);
#944=EDGE_CURVE('',#750,#749,#162,.T.);
#945=EDGE_CURVE('',#751,#750,#163,.T.);
#946=EDGE_CURVE('',#752,#751,#164,.T.);
#947=EDGE_CURVE('',#746,#752,#165,.T.);
#948=EDGE_CURVE('',#668,#741,#166,.T.);
#949=EDGE_CURVE('',#753,#667,#167,.T.);
#950=EDGE_CURVE('',#754,#753,#631,.T.);
#951=EDGE_CURVE('',#747,#754,#168,.T.);
#952=EDGE_CURVE('',#666,#755,#169,.T.);
#953=EDGE_CURVE('',#753,#755,#170,.T.);
#954=EDGE_CURVE('',#756,#665,#171,.T.);
#955=EDGE_CURVE('',#755,#756,#632,.T.);
#956=EDGE_CURVE('',#757,#664,#172,.F.);
#957=EDGE_CURVE('',#756,#757,#173,.T.);
#958=EDGE_CURVE('',#663,#758,#174,.F.);
#959=EDGE_CURVE('',#757,#758,#175,.T.);
#960=EDGE_CURVE('',#758,#705,#633,.T.);
#961=EDGE_CURVE('',#759,#754,#176,.T.);
#962=EDGE_CURVE('',#759,#760,#177,.F.);
#963=EDGE_CURVE('',#760,#761,#178,.T.);
#964=EDGE_CURVE('',#761,#669,#179,.T.);
#965=EDGE_CURVE('',#761,#762,#180,.F.);
#966=EDGE_CURVE('',#762,#763,#181,.T.);
#967=EDGE_CURVE('',#698,#763,#182,.T.);
#968=EDGE_CURVE('',#677,#699,#634,.T.);
#969=EDGE_CURVE('',#763,#759,#183,.T.);
#970=EDGE_CURVE('',#762,#760,#184,.T.);
#971=EDGE_CURVE('',#764,#765,#185,.T.);
#972=EDGE_CURVE('',#766,#764,#186,.T.);
#973=EDGE_CURVE('',#766,#767,#187,.T.);
#974=EDGE_CURVE('',#765,#767,#188,.T.);
#975=EDGE_CURVE('',#768,#769,#189,.T.);
#976=EDGE_CURVE('',#770,#769,#635,.F.);
#977=EDGE_CURVE('',#770,#749,#190,.T.);
#978=EDGE_CURVE('',#748,#771,#636,.T.);
#979=EDGE_CURVE('',#772,#771,#191,.T.);
#980=EDGE_CURVE('',#772,#773,#637,.T.);
#981=EDGE_CURVE('',#768,#773,#192,.T.);
#982=EDGE_CURVE('',#774,#764,#638,.T.);
#983=EDGE_CURVE('',#774,#775,#193,.T.);
#984=EDGE_CURVE('',#775,#766,#639,.T.);
#985=EDGE_CURVE('',#767,#776,#640,.T.);
#986=EDGE_CURVE('',#777,#775,#194,.T.);
#987=EDGE_CURVE('',#778,#777,#195,.T.);
#988=EDGE_CURVE('',#776,#778,#196,.T.);
#989=EDGE_CURVE('',#779,#780,#197,.T.);
#990=EDGE_CURVE('',#781,#779,#198,.T.);
#991=EDGE_CURVE('',#749,#781,#199,.T.);
#992=EDGE_CURVE('',#782,#770,#200,.T.);
#993=EDGE_CURVE('',#783,#782,#201,.T.);
#994=EDGE_CURVE('',#778,#783,#202,.T.);
#995=EDGE_CURVE('',#777,#780,#203,.T.);
#996=EDGE_CURVE('',#784,#752,#641,.T.);
#997=EDGE_CURVE('',#784,#771,#204,.T.);
#998=EDGE_CURVE('',#780,#774,#205,.T.);
#999=EDGE_CURVE('',#751,#779,#206,.T.);
#1000=EDGE_CURVE('',#781,#750,#207,.T.);
#1001=EDGE_CURVE('',#765,#785,#642,.T.);
#1002=EDGE_CURVE('',#776,#785,#208,.T.);
#1003=EDGE_CURVE('',#785,#783,#209,.T.);
#1004=EDGE_CURVE('',#782,#786,#643,.T.);
#1005=EDGE_CURVE('',#769,#786,#210,.T.);
#1006=EDGE_CURVE('',#786,#787,#211,.T.);
#1007=EDGE_CURVE('',#787,#768,#212,.T.);
#1008=EDGE_CURVE('',#787,#788,#213,.T.);
#1009=EDGE_CURVE('',#788,#773,#214,.T.);
#1010=EDGE_CURVE('',#788,#789,#644,.T.);
#1011=EDGE_CURVE('',#772,#789,#215,.T.);
#1012=EDGE_CURVE('',#789,#784,#216,.T.);
#1013=ORIENTED_EDGE('',*,*,#790,.F.);
#1014=ORIENTED_EDGE('',*,*,#791,.T.);
#1015=ORIENTED_EDGE('',*,*,#792,.T.);
#1016=ORIENTED_EDGE('',*,*,#793,.T.);
#1017=ORIENTED_EDGE('',*,*,#792,.F.);
#1018=ORIENTED_EDGE('',*,*,#793,.F.);
#1019=ORIENTED_EDGE('',*,*,#794,.T.);
#1020=ORIENTED_EDGE('',*,*,#790,.T.);
#1021=ORIENTED_EDGE('',*,*,#794,.F.);
#1022=ORIENTED_EDGE('',*,*,#795,.F.);
#1023=ORIENTED_EDGE('',*,*,#796,.F.);
#1024=ORIENTED_EDGE('',*,*,#797,.T.);
#1025=ORIENTED_EDGE('',*,*,#798,.T.);
#1026=ORIENTED_EDGE('',*,*,#799,.F.);
#1027=ORIENTED_EDGE('',*,*,#791,.F.);
#1028=ORIENTED_EDGE('',*,*,#800,.F.);
#1029=ORIENTED_EDGE('',*,*,#801,.F.);
#1030=ORIENTED_EDGE('',*,*,#798,.F.);
#1031=ORIENTED_EDGE('',*,*,#802,.F.);
#1032=ORIENTED_EDGE('',*,*,#803,.F.);
#1033=ORIENTED_EDGE('',*,*,#802,.T.);
#1034=ORIENTED_EDGE('',*,*,#797,.F.);
#1035=ORIENTED_EDGE('',*,*,#804,.F.);
#1036=ORIENTED_EDGE('',*,*,#800,.T.);
#1037=ORIENTED_EDGE('',*,*,#803,.T.);
#1038=ORIENTED_EDGE('',*,*,#805,.T.);
#1039=ORIENTED_EDGE('',*,*,#806,.T.);
#1040=ORIENTED_EDGE('',*,*,#807,.T.);
#1041=ORIENTED_EDGE('',*,*,#808,.T.);
#1042=ORIENTED_EDGE('',*,*,#809,.T.);
#1043=ORIENTED_EDGE('',*,*,#810,.T.);
#1044=ORIENTED_EDGE('',*,*,#811,.T.);
#1045=ORIENTED_EDGE('',*,*,#812,.F.);
#1046=ORIENTED_EDGE('',*,*,#813,.F.);
#1047=ORIENTED_EDGE('',*,*,#814,.F.);
#1048=ORIENTED_EDGE('',*,*,#815,.F.);
#1049=ORIENTED_EDGE('',*,*,#816,.F.);
#1050=ORIENTED_EDGE('',*,*,#817,.F.);
#1051=ORIENTED_EDGE('',*,*,#818,.F.);
#1052=ORIENTED_EDGE('',*,*,#819,.T.);
#1053=ORIENTED_EDGE('',*,*,#820,.T.);
#1054=ORIENTED_EDGE('',*,*,#821,.T.);
#1055=ORIENTED_EDGE('',*,*,#822,.T.);
#1056=ORIENTED_EDGE('',*,*,#823,.T.);
#1057=ORIENTED_EDGE('',*,*,#824,.T.);
#1058=ORIENTED_EDGE('',*,*,#825,.T.);
#1059=ORIENTED_EDGE('',*,*,#826,.T.);
#1060=ORIENTED_EDGE('',*,*,#804,.T.);
#1061=ORIENTED_EDGE('',*,*,#796,.T.);
#1062=ORIENTED_EDGE('',*,*,#827,.T.);
#1063=ORIENTED_EDGE('',*,*,#828,.F.);
#1064=ORIENTED_EDGE('',*,*,#829,.T.);
#1065=ORIENTED_EDGE('',*,*,#830,.T.);
#1066=ORIENTED_EDGE('',*,*,#831,.T.);
#1067=ORIENTED_EDGE('',*,*,#805,.F.);
#1068=ORIENTED_EDGE('',*,*,#832,.F.);
#1069=ORIENTED_EDGE('',*,*,#833,.T.);
#1070=ORIENTED_EDGE('',*,*,#834,.T.);
#1071=ORIENTED_EDGE('',*,*,#835,.T.);
#1072=ORIENTED_EDGE('',*,*,#834,.F.);
#1073=ORIENTED_EDGE('',*,*,#835,.F.);
#1074=ORIENTED_EDGE('',*,*,#836,.T.);
#1075=ORIENTED_EDGE('',*,*,#832,.T.);
#1076=ORIENTED_EDGE('',*,*,#836,.F.);
#1077=ORIENTED_EDGE('',*,*,#830,.F.);
#1078=ORIENTED_EDGE('',*,*,#837,.F.);
#1079=ORIENTED_EDGE('',*,*,#838,.F.);
#1080=ORIENTED_EDGE('',*,*,#839,.T.);
#1081=ORIENTED_EDGE('',*,*,#840,.T.);
#1082=ORIENTED_EDGE('',*,*,#833,.F.);
#1083=ORIENTED_EDGE('',*,*,#806,.F.);
#1084=ORIENTED_EDGE('',*,*,#831,.F.);
#1085=ORIENTED_EDGE('',*,*,#840,.F.);
#1086=ORIENTED_EDGE('',*,*,#841,.F.);
#1087=ORIENTED_EDGE('',*,*,#807,.F.);
#1088=ORIENTED_EDGE('',*,*,#841,.T.);
#1089=ORIENTED_EDGE('',*,*,#839,.F.);
#1090=ORIENTED_EDGE('',*,*,#842,.F.);
#1091=ORIENTED_EDGE('',*,*,#842,.T.);
#1092=ORIENTED_EDGE('',*,*,#838,.T.);
#1093=ORIENTED_EDGE('',*,*,#843,.T.);
#1094=ORIENTED_EDGE('',*,*,#844,.F.);
#1095=ORIENTED_EDGE('',*,*,#845,.F.);
#1096=ORIENTED_EDGE('',*,*,#846,.T.);
#1097=ORIENTED_EDGE('',*,*,#847,.T.);
#1098=ORIENTED_EDGE('',*,*,#808,.F.);
#1099=ORIENTED_EDGE('',*,*,#837,.T.);
#1100=ORIENTED_EDGE('',*,*,#829,.F.);
#1101=ORIENTED_EDGE('',*,*,#848,.F.);
#1102=ORIENTED_EDGE('',*,*,#843,.F.);
#1103=ORIENTED_EDGE('',*,*,#849,.F.);
#1104=ORIENTED_EDGE('',*,*,#850,.T.);
#1105=ORIENTED_EDGE('',*,*,#851,.T.);
#1106=ORIENTED_EDGE('',*,*,#852,.T.);
#1107=ORIENTED_EDGE('',*,*,#851,.F.);
#1108=ORIENTED_EDGE('',*,*,#852,.F.);
#1109=ORIENTED_EDGE('',*,*,#853,.T.);
#1110=ORIENTED_EDGE('',*,*,#849,.T.);
#1111=ORIENTED_EDGE('',*,*,#853,.F.);
#1112=ORIENTED_EDGE('',*,*,#854,.F.);
#1113=ORIENTED_EDGE('',*,*,#855,.F.);
#1114=ORIENTED_EDGE('',*,*,#856,.T.);
#1115=ORIENTED_EDGE('',*,*,#857,.T.);
#1116=ORIENTED_EDGE('',*,*,#850,.F.);
#1117=ORIENTED_EDGE('',*,*,#820,.F.);
#1118=ORIENTED_EDGE('',*,*,#858,.F.);
#1119=ORIENTED_EDGE('',*,*,#857,.F.);
#1120=ORIENTED_EDGE('',*,*,#859,.F.);
#1121=ORIENTED_EDGE('',*,*,#821,.F.);
#1122=ORIENTED_EDGE('',*,*,#859,.T.);
#1123=ORIENTED_EDGE('',*,*,#856,.F.);
#1124=ORIENTED_EDGE('',*,*,#860,.F.);
#1125=ORIENTED_EDGE('',*,*,#801,.T.);
#1126=ORIENTED_EDGE('',*,*,#822,.F.);
#1127=ORIENTED_EDGE('',*,*,#860,.T.);
#1128=ORIENTED_EDGE('',*,*,#855,.T.);
#1129=ORIENTED_EDGE('',*,*,#861,.T.);
#1130=ORIENTED_EDGE('',*,*,#862,.F.);
#1131=ORIENTED_EDGE('',*,*,#863,.T.);
#1132=ORIENTED_EDGE('',*,*,#799,.T.);
#1133=ORIENTED_EDGE('',*,*,#864,.F.);
#1134=ORIENTED_EDGE('',*,*,#865,.T.);
#1135=ORIENTED_EDGE('',*,*,#866,.T.);
#1136=ORIENTED_EDGE('',*,*,#867,.T.);
#1137=ORIENTED_EDGE('',*,*,#866,.F.);
#1138=ORIENTED_EDGE('',*,*,#867,.F.);
#1139=ORIENTED_EDGE('',*,*,#868,.T.);
#1140=ORIENTED_EDGE('',*,*,#864,.T.);
#1141=ORIENTED_EDGE('',*,*,#868,.F.);
#1142=ORIENTED_EDGE('',*,*,#869,.F.);
#1143=ORIENTED_EDGE('',*,*,#870,.T.);
#1144=ORIENTED_EDGE('',*,*,#871,.T.);
#1145=ORIENTED_EDGE('',*,*,#846,.F.);
#1146=ORIENTED_EDGE('',*,*,#865,.F.);
#1147=ORIENTED_EDGE('',*,*,#809,.F.);
#1148=ORIENTED_EDGE('',*,*,#847,.F.);
#1149=ORIENTED_EDGE('',*,*,#871,.F.);
#1150=ORIENTED_EDGE('',*,*,#872,.F.);
#1151=ORIENTED_EDGE('',*,*,#810,.F.);
#1152=ORIENTED_EDGE('',*,*,#872,.T.);
#1153=ORIENTED_EDGE('',*,*,#870,.F.);
#1154=ORIENTED_EDGE('',*,*,#873,.F.);
#1155=ORIENTED_EDGE('',*,*,#873,.T.);
#1156=ORIENTED_EDGE('',*,*,#869,.T.);
#1157=ORIENTED_EDGE('',*,*,#845,.T.);
#1158=ORIENTED_EDGE('',*,*,#874,.F.);
#1159=ORIENTED_EDGE('',*,*,#875,.T.);
#1160=ORIENTED_EDGE('',*,*,#811,.F.);
#1161=ORIENTED_EDGE('',*,*,#823,.F.);
#1162=ORIENTED_EDGE('',*,*,#876,.T.);
#1163=ORIENTED_EDGE('',*,*,#877,.F.);
#1164=ORIENTED_EDGE('',*,*,#878,.F.);
#1165=ORIENTED_EDGE('',*,*,#824,.F.);
#1166=ORIENTED_EDGE('',*,*,#878,.T.);
#1167=ORIENTED_EDGE('',*,*,#879,.F.);
#1168=ORIENTED_EDGE('',*,*,#880,.F.);
#1169=ORIENTED_EDGE('',*,*,#825,.F.);
#1170=ORIENTED_EDGE('',*,*,#880,.T.);
#1171=ORIENTED_EDGE('',*,*,#881,.F.);
#1172=ORIENTED_EDGE('',*,*,#882,.F.);
#1173=ORIENTED_EDGE('',*,*,#826,.F.);
#1174=ORIENTED_EDGE('',*,*,#882,.T.);
#1175=ORIENTED_EDGE('',*,*,#883,.F.);
#1176=ORIENTED_EDGE('',*,*,#876,.F.);
#1177=ORIENTED_EDGE('',*,*,#883,.T.);
#1178=ORIENTED_EDGE('',*,*,#881,.T.);
#1179=ORIENTED_EDGE('',*,*,#879,.T.);
#1180=ORIENTED_EDGE('',*,*,#877,.T.);
#1181=ORIENTED_EDGE('',*,*,#884,.T.);
#1182=ORIENTED_EDGE('',*,*,#885,.F.);
#1183=ORIENTED_EDGE('',*,*,#886,.T.);
#1184=ORIENTED_EDGE('',*,*,#887,.T.);
#1185=ORIENTED_EDGE('',*,*,#888,.F.);
#1186=ORIENTED_EDGE('',*,*,#886,.F.);
#1187=ORIENTED_EDGE('',*,*,#889,.F.);
#1188=ORIENTED_EDGE('',*,*,#890,.F.);
#1189=ORIENTED_EDGE('',*,*,#891,.F.);
#1190=ORIENTED_EDGE('',*,*,#890,.T.);
#1191=ORIENTED_EDGE('',*,*,#892,.F.);
#1192=ORIENTED_EDGE('',*,*,#893,.F.);
#1193=ORIENTED_EDGE('',*,*,#894,.F.);
#1194=ORIENTED_EDGE('',*,*,#893,.T.);
#1195=ORIENTED_EDGE('',*,*,#895,.F.);
#1196=ORIENTED_EDGE('',*,*,#884,.F.);
#1197=ORIENTED_EDGE('',*,*,#895,.T.);
#1198=ORIENTED_EDGE('',*,*,#892,.T.);
#1199=ORIENTED_EDGE('',*,*,#889,.T.);
#1200=ORIENTED_EDGE('',*,*,#885,.T.);
#1201=ORIENTED_EDGE('',*,*,#896,.T.);
#1202=ORIENTED_EDGE('',*,*,#897,.T.);
#1203=ORIENTED_EDGE('',*,*,#898,.T.);
#1204=ORIENTED_EDGE('',*,*,#897,.F.);
#1205=ORIENTED_EDGE('',*,*,#898,.F.);
#1206=ORIENTED_EDGE('',*,*,#899,.T.);
#1207=ORIENTED_EDGE('',*,*,#900,.F.);
#1208=ORIENTED_EDGE('',*,*,#899,.F.);
#1209=ORIENTED_EDGE('',*,*,#896,.F.);
#1210=ORIENTED_EDGE('',*,*,#901,.T.);
#1211=ORIENTED_EDGE('',*,*,#902,.T.);
#1212=ORIENTED_EDGE('',*,*,#903,.T.);
#1213=ORIENTED_EDGE('',*,*,#902,.F.);
#1214=ORIENTED_EDGE('',*,*,#903,.F.);
#1215=ORIENTED_EDGE('',*,*,#904,.T.);
#1216=ORIENTED_EDGE('',*,*,#905,.F.);
#1217=ORIENTED_EDGE('',*,*,#904,.F.);
#1218=ORIENTED_EDGE('',*,*,#901,.F.);
#1219=ORIENTED_EDGE('',*,*,#906,.T.);
#1220=ORIENTED_EDGE('',*,*,#907,.T.);
#1221=ORIENTED_EDGE('',*,*,#908,.T.);
#1222=ORIENTED_EDGE('',*,*,#907,.F.);
#1223=ORIENTED_EDGE('',*,*,#908,.F.);
#1224=ORIENTED_EDGE('',*,*,#909,.T.);
#1225=ORIENTED_EDGE('',*,*,#910,.F.);
#1226=ORIENTED_EDGE('',*,*,#909,.F.);
#1227=ORIENTED_EDGE('',*,*,#906,.F.);
#1228=ORIENTED_EDGE('',*,*,#911,.T.);
#1229=ORIENTED_EDGE('',*,*,#912,.T.);
#1230=ORIENTED_EDGE('',*,*,#913,.T.);
#1231=ORIENTED_EDGE('',*,*,#912,.F.);
#1232=ORIENTED_EDGE('',*,*,#913,.F.);
#1233=ORIENTED_EDGE('',*,*,#914,.T.);
#1234=ORIENTED_EDGE('',*,*,#915,.F.);
#1235=ORIENTED_EDGE('',*,*,#914,.F.);
#1236=ORIENTED_EDGE('',*,*,#911,.F.);
#1237=ORIENTED_EDGE('',*,*,#916,.T.);
#1238=ORIENTED_EDGE('',*,*,#917,.T.);
#1239=ORIENTED_EDGE('',*,*,#918,.T.);
#1240=ORIENTED_EDGE('',*,*,#917,.F.);
#1241=ORIENTED_EDGE('',*,*,#918,.F.);
#1242=ORIENTED_EDGE('',*,*,#919,.T.);
#1243=ORIENTED_EDGE('',*,*,#920,.F.);
#1244=ORIENTED_EDGE('',*,*,#919,.F.);
#1245=ORIENTED_EDGE('',*,*,#916,.F.);
#1246=ORIENTED_EDGE('',*,*,#921,.T.);
#1247=ORIENTED_EDGE('',*,*,#922,.T.);
#1248=ORIENTED_EDGE('',*,*,#923,.T.);
#1249=ORIENTED_EDGE('',*,*,#922,.F.);
#1250=ORIENTED_EDGE('',*,*,#921,.F.);
#1251=ORIENTED_EDGE('',*,*,#924,.T.);
#1252=ORIENTED_EDGE('',*,*,#925,.F.);
#1253=ORIENTED_EDGE('',*,*,#924,.F.);
#1254=ORIENTED_EDGE('',*,*,#923,.F.);
#1255=ORIENTED_EDGE('',*,*,#926,.F.);
#1256=ORIENTED_EDGE('',*,*,#927,.T.);
#1257=ORIENTED_EDGE('',*,*,#928,.F.);
#1258=ORIENTED_EDGE('',*,*,#929,.F.);
#1259=ORIENTED_EDGE('',*,*,#930,.F.);
#1260=ORIENTED_EDGE('',*,*,#929,.T.);
#1261=ORIENTED_EDGE('',*,*,#931,.F.);
#1262=ORIENTED_EDGE('',*,*,#932,.F.);
#1263=ORIENTED_EDGE('',*,*,#933,.F.);
#1264=ORIENTED_EDGE('',*,*,#934,.F.);
#1265=ORIENTED_EDGE('',*,*,#935,.F.);
#1266=ORIENTED_EDGE('',*,*,#933,.T.);
#1267=ORIENTED_EDGE('',*,*,#936,.F.);
#1268=ORIENTED_EDGE('',*,*,#937,.F.);
#1269=ORIENTED_EDGE('',*,*,#938,.F.);
#1270=ORIENTED_EDGE('',*,*,#939,.F.);
#1271=ORIENTED_EDGE('',*,*,#937,.T.);
#1272=ORIENTED_EDGE('',*,*,#940,.F.);
#1273=ORIENTED_EDGE('',*,*,#941,.F.);
#1274=ORIENTED_EDGE('',*,*,#927,.F.);
#1275=ORIENTED_EDGE('',*,*,#938,.T.);
#1276=ORIENTED_EDGE('',*,*,#926,.T.);
#1277=ORIENTED_EDGE('',*,*,#930,.T.);
#1278=ORIENTED_EDGE('',*,*,#942,.F.);
#1279=ORIENTED_EDGE('',*,*,#943,.T.);
#1280=ORIENTED_EDGE('',*,*,#944,.F.);
#1281=ORIENTED_EDGE('',*,*,#945,.F.);
#1282=ORIENTED_EDGE('',*,*,#946,.F.);
#1283=ORIENTED_EDGE('',*,*,#947,.F.);
#1284=ORIENTED_EDGE('',*,*,#940,.T.);
#1285=ORIENTED_EDGE('',*,*,#936,.T.);
#1286=ORIENTED_EDGE('',*,*,#932,.T.);
#1287=ORIENTED_EDGE('',*,*,#948,.F.);
#1288=ORIENTED_EDGE('',*,*,#817,.T.);
#1289=ORIENTED_EDGE('',*,*,#949,.F.);
#1290=ORIENTED_EDGE('',*,*,#950,.F.);
#1291=ORIENTED_EDGE('',*,*,#951,.F.);
#1292=ORIENTED_EDGE('',*,*,#816,.T.);
#1293=ORIENTED_EDGE('',*,*,#952,.T.);
#1294=ORIENTED_EDGE('',*,*,#953,.F.);
#1295=ORIENTED_EDGE('',*,*,#949,.T.);
#1296=ORIENTED_EDGE('',*,*,#815,.T.);
#1297=ORIENTED_EDGE('',*,*,#954,.F.);
#1298=ORIENTED_EDGE('',*,*,#955,.F.);
#1299=ORIENTED_EDGE('',*,*,#952,.F.);
#1300=ORIENTED_EDGE('',*,*,#814,.T.);
#1301=ORIENTED_EDGE('',*,*,#956,.F.);
#1302=ORIENTED_EDGE('',*,*,#957,.F.);
#1303=ORIENTED_EDGE('',*,*,#954,.T.);
#1304=ORIENTED_EDGE('',*,*,#813,.T.);
#1305=ORIENTED_EDGE('',*,*,#958,.T.);
#1306=ORIENTED_EDGE('',*,*,#959,.F.);
#1307=ORIENTED_EDGE('',*,*,#956,.T.);
#1308=ORIENTED_EDGE('',*,*,#812,.T.);
#1309=ORIENTED_EDGE('',*,*,#875,.F.);
#1310=ORIENTED_EDGE('',*,*,#960,.F.);
#1311=ORIENTED_EDGE('',*,*,#958,.F.);
#1312=ORIENTED_EDGE('',*,*,#941,.T.);
#1313=ORIENTED_EDGE('',*,*,#951,.T.);
#1314=ORIENTED_EDGE('',*,*,#961,.F.);
#1315=ORIENTED_EDGE('',*,*,#962,.T.);
#1316=ORIENTED_EDGE('',*,*,#963,.T.);
#1317=ORIENTED_EDGE('',*,*,#964,.T.);
#1318=ORIENTED_EDGE('',*,*,#818,.T.);
#1319=ORIENTED_EDGE('',*,*,#948,.T.);
#1320=ORIENTED_EDGE('',*,*,#931,.T.);
#1321=ORIENTED_EDGE('',*,*,#928,.T.);
#1322=ORIENTED_EDGE('',*,*,#858,.T.);
#1323=ORIENTED_EDGE('',*,*,#819,.F.);
#1324=ORIENTED_EDGE('',*,*,#964,.F.);
#1325=ORIENTED_EDGE('',*,*,#965,.T.);
#1326=ORIENTED_EDGE('',*,*,#966,.T.);
#1327=ORIENTED_EDGE('',*,*,#967,.F.);
#1328=ORIENTED_EDGE('',*,*,#861,.F.);
#1329=ORIENTED_EDGE('',*,*,#854,.T.);
#1330=ORIENTED_EDGE('',*,*,#888,.T.);
#1331=ORIENTED_EDGE('',*,*,#891,.T.);
#1332=ORIENTED_EDGE('',*,*,#894,.T.);
#1333=ORIENTED_EDGE('',*,*,#887,.F.);
#1334=ORIENTED_EDGE('',*,*,#795,.T.);
#1335=ORIENTED_EDGE('',*,*,#863,.F.);
#1336=ORIENTED_EDGE('',*,*,#968,.F.);
#1337=ORIENTED_EDGE('',*,*,#827,.F.);
#1338=ORIENTED_EDGE('',*,*,#969,.F.);
#1339=ORIENTED_EDGE('',*,*,#966,.F.);
#1340=ORIENTED_EDGE('',*,*,#970,.T.);
#1341=ORIENTED_EDGE('',*,*,#962,.F.);
#1342=ORIENTED_EDGE('',*,*,#965,.F.);
#1343=ORIENTED_EDGE('',*,*,#963,.F.);
#1344=ORIENTED_EDGE('',*,*,#970,.F.);
#1345=ORIENTED_EDGE('',*,*,#971,.F.);
#1346=ORIENTED_EDGE('',*,*,#972,.F.);
#1347=ORIENTED_EDGE('',*,*,#973,.T.);
#1348=ORIENTED_EDGE('',*,*,#974,.F.);
#1349=ORIENTED_EDGE('',*,*,#975,.T.);
#1350=ORIENTED_EDGE('',*,*,#976,.F.);
#1351=ORIENTED_EDGE('',*,*,#977,.T.);
#1352=ORIENTED_EDGE('',*,*,#943,.F.);
#1353=ORIENTED_EDGE('',*,*,#978,.T.);
#1354=ORIENTED_EDGE('',*,*,#979,.F.);
#1355=ORIENTED_EDGE('',*,*,#980,.T.);
#1356=ORIENTED_EDGE('',*,*,#981,.F.);
#1357=ORIENTED_EDGE('',*,*,#982,.F.);
#1358=ORIENTED_EDGE('',*,*,#983,.T.);
#1359=ORIENTED_EDGE('',*,*,#984,.T.);
#1360=ORIENTED_EDGE('',*,*,#972,.T.);
#1361=ORIENTED_EDGE('',*,*,#985,.F.);
#1362=ORIENTED_EDGE('',*,*,#973,.F.);
#1363=ORIENTED_EDGE('',*,*,#984,.F.);
#1364=ORIENTED_EDGE('',*,*,#986,.F.);
#1365=ORIENTED_EDGE('',*,*,#987,.F.);
#1366=ORIENTED_EDGE('',*,*,#988,.F.);
#1367=ORIENTED_EDGE('',*,*,#989,.F.);
#1368=ORIENTED_EDGE('',*,*,#990,.F.);
#1369=ORIENTED_EDGE('',*,*,#991,.F.);
#1370=ORIENTED_EDGE('',*,*,#977,.F.);
#1371=ORIENTED_EDGE('',*,*,#992,.F.);
#1372=ORIENTED_EDGE('',*,*,#993,.F.);
#1373=ORIENTED_EDGE('',*,*,#994,.F.);
#1374=ORIENTED_EDGE('',*,*,#987,.T.);
#1375=ORIENTED_EDGE('',*,*,#995,.T.);
#1376=ORIENTED_EDGE('',*,*,#939,.T.);
#1377=ORIENTED_EDGE('',*,*,#947,.T.);
#1378=ORIENTED_EDGE('',*,*,#996,.F.);
#1379=ORIENTED_EDGE('',*,*,#997,.T.);
#1380=ORIENTED_EDGE('',*,*,#978,.F.);
#1381=ORIENTED_EDGE('',*,*,#942,.T.);
#1382=ORIENTED_EDGE('',*,*,#934,.T.);
#1383=ORIENTED_EDGE('',*,*,#935,.T.);
#1384=ORIENTED_EDGE('',*,*,#998,.F.);
#1385=ORIENTED_EDGE('',*,*,#995,.F.);
#1386=ORIENTED_EDGE('',*,*,#986,.T.);
#1387=ORIENTED_EDGE('',*,*,#983,.F.);
#1388=ORIENTED_EDGE('',*,*,#999,.F.);
#1389=ORIENTED_EDGE('',*,*,#945,.T.);
#1390=ORIENTED_EDGE('',*,*,#1000,.F.);
#1391=ORIENTED_EDGE('',*,*,#990,.T.);
#1392=ORIENTED_EDGE('',*,*,#991,.T.);
#1393=ORIENTED_EDGE('',*,*,#1000,.T.);
#1394=ORIENTED_EDGE('',*,*,#944,.T.);
#1395=ORIENTED_EDGE('',*,*,#1001,.F.);
#1396=ORIENTED_EDGE('',*,*,#974,.T.);
#1397=ORIENTED_EDGE('',*,*,#985,.T.);
#1398=ORIENTED_EDGE('',*,*,#1002,.T.);
#1399=ORIENTED_EDGE('',*,*,#1003,.F.);
#1400=ORIENTED_EDGE('',*,*,#1002,.F.);
#1401=ORIENTED_EDGE('',*,*,#988,.T.);
#1402=ORIENTED_EDGE('',*,*,#994,.T.);
#1403=ORIENTED_EDGE('',*,*,#1004,.F.);
#1404=ORIENTED_EDGE('',*,*,#992,.T.);
#1405=ORIENTED_EDGE('',*,*,#976,.T.);
#1406=ORIENTED_EDGE('',*,*,#1005,.T.);
#1407=ORIENTED_EDGE('',*,*,#1006,.F.);
#1408=ORIENTED_EDGE('',*,*,#1005,.F.);
#1409=ORIENTED_EDGE('',*,*,#975,.F.);
#1410=ORIENTED_EDGE('',*,*,#1007,.F.);
#1411=ORIENTED_EDGE('',*,*,#1008,.F.);
#1412=ORIENTED_EDGE('',*,*,#1007,.T.);
#1413=ORIENTED_EDGE('',*,*,#981,.T.);
#1414=ORIENTED_EDGE('',*,*,#1009,.F.);
#1415=ORIENTED_EDGE('',*,*,#1010,.F.);
#1416=ORIENTED_EDGE('',*,*,#1009,.T.);
#1417=ORIENTED_EDGE('',*,*,#980,.F.);
#1418=ORIENTED_EDGE('',*,*,#1011,.T.);
#1419=ORIENTED_EDGE('',*,*,#1012,.F.);
#1420=ORIENTED_EDGE('',*,*,#1011,.F.);
#1421=ORIENTED_EDGE('',*,*,#979,.T.);
#1422=ORIENTED_EDGE('',*,*,#997,.F.);
#1423=ORIENTED_EDGE('',*,*,#1001,.T.);
#1424=ORIENTED_EDGE('',*,*,#1003,.T.);
#1425=ORIENTED_EDGE('',*,*,#993,.T.);
#1426=ORIENTED_EDGE('',*,*,#1004,.T.);
#1427=ORIENTED_EDGE('',*,*,#1006,.T.);
#1428=ORIENTED_EDGE('',*,*,#1008,.T.);
#1429=ORIENTED_EDGE('',*,*,#1010,.T.);
#1430=ORIENTED_EDGE('',*,*,#1012,.T.);
#1431=ORIENTED_EDGE('',*,*,#996,.T.);
#1432=ORIENTED_EDGE('',*,*,#946,.T.);
#1433=ORIENTED_EDGE('',*,*,#999,.T.);
#1434=ORIENTED_EDGE('',*,*,#989,.T.);
#1435=ORIENTED_EDGE('',*,*,#998,.T.);
#1436=ORIENTED_EDGE('',*,*,#982,.T.);
#1437=ORIENTED_EDGE('',*,*,#971,.T.);
#1438=ORIENTED_EDGE('',*,*,#920,.T.);
#1439=ORIENTED_EDGE('',*,*,#925,.T.);
#1440=ORIENTED_EDGE('',*,*,#910,.T.);
#1441=ORIENTED_EDGE('',*,*,#915,.T.);
#1442=ORIENTED_EDGE('',*,*,#900,.T.);
#1443=ORIENTED_EDGE('',*,*,#905,.T.);
#1444=ORIENTED_EDGE('',*,*,#828,.T.);
#1445=ORIENTED_EDGE('',*,*,#968,.T.);
#1446=ORIENTED_EDGE('',*,*,#862,.T.);
#1447=ORIENTED_EDGE('',*,*,#967,.T.);
#1448=ORIENTED_EDGE('',*,*,#969,.T.);
#1449=ORIENTED_EDGE('',*,*,#961,.T.);
#1450=ORIENTED_EDGE('',*,*,#950,.T.);
#1451=ORIENTED_EDGE('',*,*,#953,.T.);
#1452=ORIENTED_EDGE('',*,*,#955,.T.);
#1453=ORIENTED_EDGE('',*,*,#957,.T.);
#1454=ORIENTED_EDGE('',*,*,#959,.T.);
#1455=ORIENTED_EDGE('',*,*,#960,.T.);
#1456=ORIENTED_EDGE('',*,*,#874,.T.);
#1457=ORIENTED_EDGE('',*,*,#844,.T.);
#1458=ORIENTED_EDGE('',*,*,#848,.T.);
#1459=PLANE('',#1613);
#1460=PLANE('',#1619);
#1461=PLANE('',#1621);
#1462=PLANE('',#1622);
#1463=PLANE('',#1623);
#1464=PLANE('',#1627);
#1465=PLANE('',#1628);
#1466=PLANE('',#1634);
#1467=PLANE('',#1636);
#1468=PLANE('',#1637);
#1469=PLANE('',#1638);
#1470=PLANE('',#1641);
#1471=PLANE('',#1647);
#1472=PLANE('',#1648);
#1473=PLANE('',#1649);
#1474=PLANE('',#1650);
#1475=PLANE('',#1651);
#1476=PLANE('',#1657);
#1477=PLANE('',#1658);
#1478=PLANE('',#1659);
#1479=PLANE('',#1660);
#1480=PLANE('',#1661);
#1481=PLANE('',#1662);
#1482=PLANE('',#1663);
#1483=PLANE('',#1664);
#1484=PLANE('',#1665);
#1485=PLANE('',#1666);
#1486=PLANE('',#1667);
#1487=PLANE('',#1668);
#1488=PLANE('',#1669);
#1489=PLANE('',#1670);
#1490=PLANE('',#1676);
#1491=PLANE('',#1682);
#1492=PLANE('',#1688);
#1493=PLANE('',#1694);
#1494=PLANE('',#1700);
#1495=PLANE('',#1706);
#1496=PLANE('',#1707);
#1497=PLANE('',#1708);
#1498=PLANE('',#1711);
#1499=PLANE('',#1712);
#1500=PLANE('',#1715);
#1501=PLANE('',#1718);
#1502=PLANE('',#1721);
#1503=PLANE('',#1722);
#1504=PLANE('',#1725);
#1505=PLANE('',#1726);
#1506=PLANE('',#1729);
#1507=PLANE('',#1730);
#1508=PLANE('',#1731);
#1509=PLANE('',#1732);
#1510=PLANE('',#1739);
#1511=PLANE('',#1741);
#1512=PLANE('',#1744);
#1513=PLANE('',#1745);
#1514=PLANE('',#1746);
#1515=PLANE('',#1749);
#1516=PLANE('',#1752);
#1517=PLANE('',#1753);
#1518=PLANE('',#1756);
#1519=PLANE('',#1757);
#1520=ADVANCED_FACE('',(#396),#1459,.T.);
#1521=ADVANCED_FACE('',(#397),#386,.F.);
#1522=ADVANCED_FACE('',(#398),#28,.F.);
#1523=ADVANCED_FACE('',(#399,#15),#1460,.T.);
#1524=ADVANCED_FACE('',(#400),#1461,.T.);
#1525=ADVANCED_FACE('',(#401),#1462,.T.);
#1526=ADVANCED_FACE('',(#402,#16),#1463,.T.);
#1527=ADVANCED_FACE('',(#403),#1464,.F.);
#1528=ADVANCED_FACE('',(#404),#1465,.T.);
#1529=ADVANCED_FACE('',(#405),#387,.F.);
#1530=ADVANCED_FACE('',(#406),#29,.F.);
#1531=ADVANCED_FACE('',(#407,#17),#1466,.T.);
#1532=ADVANCED_FACE('',(#408),#1467,.T.);
#1533=ADVANCED_FACE('',(#409),#1468,.T.);
#1534=ADVANCED_FACE('',(#410),#1469,.F.);
#1535=ADVANCED_FACE('',(#411),#30,.F.);
#1536=ADVANCED_FACE('',(#412),#1470,.T.);
#1537=ADVANCED_FACE('',(#413),#388,.F.);
#1538=ADVANCED_FACE('',(#414),#31,.F.);
#1539=ADVANCED_FACE('',(#415,#18),#1471,.T.);
#1540=ADVANCED_FACE('',(#416),#1472,.T.);
#1541=ADVANCED_FACE('',(#417),#1473,.T.);
#1542=ADVANCED_FACE('',(#418),#1474,.F.);
#1543=ADVANCED_FACE('',(#419),#1475,.T.);
#1544=ADVANCED_FACE('',(#420),#389,.F.);
#1545=ADVANCED_FACE('',(#421),#32,.F.);
#1546=ADVANCED_FACE('',(#422,#19),#1476,.T.);
#1547=ADVANCED_FACE('',(#423),#1477,.T.);
#1548=ADVANCED_FACE('',(#424),#1478,.T.);
#1549=ADVANCED_FACE('',(#425),#1479,.F.);
#1550=ADVANCED_FACE('',(#426),#1480,.T.);
#1551=ADVANCED_FACE('',(#427),#1481,.T.);
#1552=ADVANCED_FACE('',(#428),#1482,.T.);
#1553=ADVANCED_FACE('',(#429),#1483,.T.);
#1554=ADVANCED_FACE('',(#430),#1484,.T.);
#1555=ADVANCED_FACE('',(#431),#1485,.T.);
#1556=ADVANCED_FACE('',(#432),#1486,.T.);
#1557=ADVANCED_FACE('',(#433),#1487,.T.);
#1558=ADVANCED_FACE('',(#434),#1488,.T.);
#1559=ADVANCED_FACE('',(#435),#1489,.T.);
#1560=ADVANCED_FACE('',(#436),#390,.T.);
#1561=ADVANCED_FACE('',(#437),#33,.T.);
#1562=ADVANCED_FACE('',(#438),#1490,.T.);
#1563=ADVANCED_FACE('',(#439),#391,.T.);
#1564=ADVANCED_FACE('',(#440),#34,.T.);
#1565=ADVANCED_FACE('',(#441),#1491,.T.);
#1566=ADVANCED_FACE('',(#442),#392,.T.);
#1567=ADVANCED_FACE('',(#443),#35,.T.);
#1568=ADVANCED_FACE('',(#444),#1492,.T.);
#1569=ADVANCED_FACE('',(#445),#393,.T.);
#1570=ADVANCED_FACE('',(#446),#36,.T.);
#1571=ADVANCED_FACE('',(#447),#1493,.T.);
#1572=ADVANCED_FACE('',(#448),#394,.T.);
#1573=ADVANCED_FACE('',(#449),#37,.T.);
#1574=ADVANCED_FACE('',(#450),#1494,.T.);
#1575=ADVANCED_FACE('',(#451),#395,.T.);
#1576=ADVANCED_FACE('',(#452),#38,.T.);
#1577=ADVANCED_FACE('',(#453),#1495,.T.);
#1578=ADVANCED_FACE('',(#454),#1496,.F.);
#1579=ADVANCED_FACE('',(#455),#1497,.F.);
#1580=ADVANCED_FACE('',(#456),#1498,.F.);
#1581=ADVANCED_FACE('',(#457),#1499,.F.);
#1582=ADVANCED_FACE('',(#458),#1500,.T.);
#1583=ADVANCED_FACE('',(#459),#39,.T.);
#1584=ADVANCED_FACE('',(#460),#1501,.F.);
#1585=ADVANCED_FACE('',(#461),#40,.T.);
#1586=ADVANCED_FACE('',(#462),#1502,.F.);
#1587=ADVANCED_FACE('',(#463),#1503,.F.);
#1588=ADVANCED_FACE('',(#464),#41,.F.);
#1589=ADVANCED_FACE('',(#465),#1504,.F.);
#1590=ADVANCED_FACE('',(#466,#20),#1505,.F.);
#1591=ADVANCED_FACE('',(#467),#42,.F.);
#1592=ADVANCED_FACE('',(#468),#1506,.F.);
#1593=ADVANCED_FACE('',(#469),#1507,.T.);
#1594=ADVANCED_FACE('',(#470),#1508,.T.);
#1595=ADVANCED_FACE('',(#471),#1509,.T.);
#1596=ADVANCED_FACE('',(#472),#43,.T.);
#1597=ADVANCED_FACE('',(#473),#1510,.F.);
#1598=ADVANCED_FACE('',(#474),#1511,.T.);
#1599=ADVANCED_FACE('',(#475),#44,.F.);
#1600=ADVANCED_FACE('',(#476),#1512,.T.);
#1601=ADVANCED_FACE('',(#477),#1513,.T.);
#1602=ADVANCED_FACE('',(#478),#1514,.F.);
#1603=ADVANCED_FACE('',(#479),#45,.T.);
#1604=ADVANCED_FACE('',(#480),#1515,.T.);
#1605=ADVANCED_FACE('',(#481),#46,.T.);
#1606=ADVANCED_FACE('',(#482),#1516,.T.);
#1607=ADVANCED_FACE('',(#483),#1517,.T.);
#1608=ADVANCED_FACE('',(#484),#47,.F.);
#1609=ADVANCED_FACE('',(#485),#1518,.T.);
#1610=ADVANCED_FACE('',(#486,#21,#22,#23,#24,#25,#26,#27),#1519,.T.);
#1611=CLOSED_SHELL('',(#1520,#1521,#1522,#1523,#1524,#1525,#1526,#1527,
#1528,#1529,#1530,#1531,#1532,#1533,#1534,#1535,#1536,#1537,#1538,#1539,
#1540,#1541,#1542,#1543,#1544,#1545,#1546,#1547,#1548,#1549,#1550,#1551,
#1552,#1553,#1554,#1555,#1556,#1557,#1558,#1559,#1560,#1561,#1562,#1563,
#1564,#1565,#1566,#1567,#1568,#1569,#1570,#1571,#1572,#1573,#1574,#1575,
#1576,#1577,#1578,#1579,#1580,#1581,#1582,#1583,#1584,#1585,#1586,#1587,
#1588,#1589,#1590,#1591,#1592,#1593,#1594,#1595,#1596,#1597,#1598,#1599,
#1600,#1601,#1602,#1603,#1604,#1605,#1606,#1607,#1608,#1609,#1610));
#1612=AXIS2_PLACEMENT_3D('',#2219,#1758,#1759);
#1613=AXIS2_PLACEMENT_3D('',#2220,#1760,#1761);
#1614=AXIS2_PLACEMENT_3D('',#2222,#1762,#1763);
#1615=AXIS2_PLACEMENT_3D('',#2223,#1764,#1765);
#1616=AXIS2_PLACEMENT_3D('',#2225,#1766,#1767);
#1617=AXIS2_PLACEMENT_3D('',#2228,#1769,#1770);
#1618=AXIS2_PLACEMENT_3D('',#2229,#1771,#1772);
#1619=AXIS2_PLACEMENT_3D('',#2231,#1774,#1775);
#1620=AXIS2_PLACEMENT_3D('',#2234,#1776,#1777);
#1621=AXIS2_PLACEMENT_3D('',#2242,#1782,#1783);
#1622=AXIS2_PLACEMENT_3D('',#2248,#1787,#1788);
#1623=AXIS2_PLACEMENT_3D('',#2252,#1791,#1792);
#1624=AXIS2_PLACEMENT_3D('',#2268,#1800,#1801);
#1625=AXIS2_PLACEMENT_3D('',#2274,#1804,#1805);
#1626=AXIS2_PLACEMENT_3D('',#2278,#1807,#1808);
#1627=AXIS2_PLACEMENT_3D('',#2296,#1818,#1819);
#1628=AXIS2_PLACEMENT_3D('',#2306,#1825,#1826);
#1629=AXIS2_PLACEMENT_3D('',#2308,#1827,#1828);
#1630=AXIS2_PLACEMENT_3D('',#2309,#1829,#1830);
#1631=AXIS2_PLACEMENT_3D('',#2311,#1831,#1832);
#1632=AXIS2_PLACEMENT_3D('',#2314,#1834,#1835);
#1633=AXIS2_PLACEMENT_3D('',#2315,#1836,#1837);
#1634=AXIS2_PLACEMENT_3D('',#2317,#1839,#1840);
#1635=AXIS2_PLACEMENT_3D('',#2319,#1841,#1842);
#1636=AXIS2_PLACEMENT_3D('',#2325,#1846,#1847);
#1637=AXIS2_PLACEMENT_3D('',#2327,#1849,#1850);
#1638=AXIS2_PLACEMENT_3D('',#2329,#1852,#1853);
#1639=AXIS2_PLACEMENT_3D('',#2339,#1859,#1860);
#1640=AXIS2_PLACEMENT_3D('',#2340,#1861,#1862);
#1641=AXIS2_PLACEMENT_3D('',#2341,#1863,#1864);
#1642=AXIS2_PLACEMENT_3D('',#2343,#1865,#1866);
#1643=AXIS2_PLACEMENT_3D('',#2344,#1867,#1868);
#1644=AXIS2_PLACEMENT_3D('',#2346,#1869,#1870);
#1645=AXIS2_PLACEMENT_3D('',#2349,#1872,#1873);
#1646=AXIS2_PLACEMENT_3D('',#2350,#1874,#1875);
#1647=AXIS2_PLACEMENT_3D('',#2352,#1877,#1878);
#1648=AXIS2_PLACEMENT_3D('',#2361,#1883,#1884);
#1649=AXIS2_PLACEMENT_3D('',#2364,#1887,#1888);
#1650=AXIS2_PLACEMENT_3D('',#2366,#1890,#1891);
#1651=AXIS2_PLACEMENT_3D('',#2372,#1895,#1896);
#1652=AXIS2_PLACEMENT_3D('',#2374,#1897,#1898);
#1653=AXIS2_PLACEMENT_3D('',#2375,#1899,#1900);
#1654=AXIS2_PLACEMENT_3D('',#2377,#1901,#1902);
#1655=AXIS2_PLACEMENT_3D('',#2380,#1904,#1905);
#1656=AXIS2_PLACEMENT_3D('',#2381,#1906,#1907);
#1657=AXIS2_PLACEMENT_3D('',#2383,#1909,#1910);
#1658=AXIS2_PLACEMENT_3D('',#2389,#1914,#1915);
#1659=AXIS2_PLACEMENT_3D('',#2391,#1917,#1918);
#1660=AXIS2_PLACEMENT_3D('',#2393,#1920,#1921);
#1661=AXIS2_PLACEMENT_3D('',#2397,#1924,#1925);
#1662=AXIS2_PLACEMENT_3D('',#2403,#1929,#1930);
#1663=AXIS2_PLACEMENT_3D('',#2407,#1933,#1934);
#1664=AXIS2_PLACEMENT_3D('',#2411,#1937,#1938);
#1665=AXIS2_PLACEMENT_3D('',#2413,#1940,#1941);
#1666=AXIS2_PLACEMENT_3D('',#2414,#1942,#1943);
#1667=AXIS2_PLACEMENT_3D('',#2423,#1948,#1949);
#1668=AXIS2_PLACEMENT_3D('',#2429,#1953,#1954);
#1669=AXIS2_PLACEMENT_3D('',#2435,#1958,#1959);
#1670=AXIS2_PLACEMENT_3D('',#2438,#1962,#1963);
#1671=AXIS2_PLACEMENT_3D('',#2439,#1964,#1965);
#1672=AXIS2_PLACEMENT_3D('',#2441,#1966,#1967);
#1673=AXIS2_PLACEMENT_3D('',#2444,#1969,#1970);
#1674=AXIS2_PLACEMENT_3D('',#2445,#1971,#1972);
#1675=AXIS2_PLACEMENT_3D('',#2448,#1974,#1975);
#1676=AXIS2_PLACEMENT_3D('',#2449,#1976,#1977);
#1677=AXIS2_PLACEMENT_3D('',#2450,#1978,#1979);
#1678=AXIS2_PLACEMENT_3D('',#2452,#1980,#1981);
#1679=AXIS2_PLACEMENT_3D('',#2455,#1983,#1984);
#1680=AXIS2_PLACEMENT_3D('',#2456,#1985,#1986);
#1681=AXIS2_PLACEMENT_3D('',#2459,#1988,#1989);
#1682=AXIS2_PLACEMENT_3D('',#2460,#1990,#1991);
#1683=AXIS2_PLACEMENT_3D('',#2461,#1992,#1993);
#1684=AXIS2_PLACEMENT_3D('',#2463,#1994,#1995);
#1685=AXIS2_PLACEMENT_3D('',#2466,#1997,#1998);
#1686=AXIS2_PLACEMENT_3D('',#2467,#1999,#2000);
#1687=AXIS2_PLACEMENT_3D('',#2470,#2002,#2003);
#1688=AXIS2_PLACEMENT_3D('',#2471,#2004,#2005);
#1689=AXIS2_PLACEMENT_3D('',#2472,#2006,#2007);
#1690=AXIS2_PLACEMENT_3D('',#2474,#2008,#2009);
#1691=AXIS2_PLACEMENT_3D('',#2477,#2011,#2012);
#1692=AXIS2_PLACEMENT_3D('',#2478,#2013,#2014);
#1693=AXIS2_PLACEMENT_3D('',#2481,#2016,#2017);
#1694=AXIS2_PLACEMENT_3D('',#2482,#2018,#2019);
#1695=AXIS2_PLACEMENT_3D('',#2483,#2020,#2021);
#1696=AXIS2_PLACEMENT_3D('',#2485,#2022,#2023);
#1697=AXIS2_PLACEMENT_3D('',#2488,#2025,#2026);
#1698=AXIS2_PLACEMENT_3D('',#2489,#2027,#2028);
#1699=AXIS2_PLACEMENT_3D('',#2492,#2030,#2031);
#1700=AXIS2_PLACEMENT_3D('',#2493,#2032,#2033);
#1701=AXIS2_PLACEMENT_3D('',#2494,#2034,#2035);
#1702=AXIS2_PLACEMENT_3D('',#2496,#2036,#2037);
#1703=AXIS2_PLACEMENT_3D('',#2499,#2039,#2040);
#1704=AXIS2_PLACEMENT_3D('',#2500,#2041,#2042);
#1705=AXIS2_PLACEMENT_3D('',#2503,#2044,#2045);
#1706=AXIS2_PLACEMENT_3D('',#2504,#2046,#2047);
#1707=AXIS2_PLACEMENT_3D('',#2505,#2048,#2049);
#1708=AXIS2_PLACEMENT_3D('',#2514,#2054,#2055);
#1709=AXIS2_PLACEMENT_3D('',#2520,#2058,#2059);
#1710=AXIS2_PLACEMENT_3D('',#2523,#2061,#2062);
#1711=AXIS2_PLACEMENT_3D('',#2524,#2063,#2064);
#1712=AXIS2_PLACEMENT_3D('',#2530,#2068,#2069);
#1713=AXIS2_PLACEMENT_3D('',#2533,#2071,#2072);
#1714=AXIS2_PLACEMENT_3D('',#2535,#2073,#2074);
#1715=AXIS2_PLACEMENT_3D('',#2537,#2076,#2077);
#1716=AXIS2_PLACEMENT_3D('',#2549,#2084,#2085);
#1717=AXIS2_PLACEMENT_3D('',#2554,#2088,#2089);
#1718=AXIS2_PLACEMENT_3D('',#2556,#2091,#2092);
#1719=AXIS2_PLACEMENT_3D('',#2560,#2095,#2096);
#1720=AXIS2_PLACEMENT_3D('',#2563,#2098,#2099);
#1721=AXIS2_PLACEMENT_3D('',#2564,#2100,#2101);
#1722=AXIS2_PLACEMENT_3D('',#2568,#2104,#2105);
#1723=AXIS2_PLACEMENT_3D('',#2572,#2108,#2109);
#1724=AXIS2_PLACEMENT_3D('',#2573,#2110,#2111);
#1725=AXIS2_PLACEMENT_3D('',#2574,#2112,#2113);
#1726=AXIS2_PLACEMENT_3D('',#2582,#2118,#2119);
#1727=AXIS2_PLACEMENT_3D('',#2588,#2123,#2124);
#1728=AXIS2_PLACEMENT_3D('',#2589,#2125,#2126);
#1729=AXIS2_PLACEMENT_3D('',#2590,#2127,#2128);
#1730=AXIS2_PLACEMENT_3D('',#2593,#2131,#2132);
#1731=AXIS2_PLACEMENT_3D('',#2594,#2133,#2134);
#1732=AXIS2_PLACEMENT_3D('',#2603,#2139,#2140);
#1733=AXIS2_PLACEMENT_3D('',#2608,#2142,#2143);
#1734=AXIS2_PLACEMENT_3D('',#2611,#2145,#2146);
#1735=AXIS2_PLACEMENT_3D('',#2615,#2148,#2149);
#1736=AXIS2_PLACEMENT_3D('',#2617,#2151,#2152);
#1737=AXIS2_PLACEMENT_3D('',#2619,#2153,#2154);
#1738=AXIS2_PLACEMENT_3D('',#2622,#2156,#2157);
#1739=AXIS2_PLACEMENT_3D('',#2623,#2158,#2159);
#1740=AXIS2_PLACEMENT_3D('',#2625,#2160,#2161);
#1741=AXIS2_PLACEMENT_3D('',#2631,#2165,#2166);
#1742=AXIS2_PLACEMENT_3D('',#2644,#2174,#2175);
#1743=AXIS2_PLACEMENT_3D('',#2646,#2176,#2177);
#1744=AXIS2_PLACEMENT_3D('',#2648,#2179,#2180);
#1745=AXIS2_PLACEMENT_3D('',#2650,#2182,#2183);
#1746=AXIS2_PLACEMENT_3D('',#2653,#2186,#2187);
#1747=AXIS2_PLACEMENT_3D('',#2654,#2188,#2189);
#1748=AXIS2_PLACEMENT_3D('',#2656,#2190,#2191);
#1749=AXIS2_PLACEMENT_3D('',#2658,#2193,#2194);
#1750=AXIS2_PLACEMENT_3D('',#2660,#2196,#2197);
#1751=AXIS2_PLACEMENT_3D('',#2662,#2198,#2199);
#1752=AXIS2_PLACEMENT_3D('',#2664,#2201,#2202);
#1753=AXIS2_PLACEMENT_3D('',#2668,#2205,#2206);
#1754=AXIS2_PLACEMENT_3D('',#2672,#2209,#2210);
#1755=AXIS2_PLACEMENT_3D('',#2674,#2211,#2212);
#1756=AXIS2_PLACEMENT_3D('',#2676,#2214,#2215);
#1757=AXIS2_PLACEMENT_3D('',#2678,#2217,#2218);
#1758=DIRECTION('axis',(0.,0.,1.));
#1759=DIRECTION('refdir',(1.,0.,0.));
#1760=DIRECTION('center_axis',(0.,0.,1.));
#1761=DIRECTION('ref_axis',(-1.,0.,0.));
#1762=DIRECTION('center_axis',(0.,0.,-1.));
#1763=DIRECTION('ref_axis',(-1.,0.,0.));
#1764=DIRECTION('center_axis',(0.,0.,1.));
#1765=DIRECTION('ref_axis',(-1.,0.,0.));
#1766=DIRECTION('center_axis',(0.,0.,1.));
#1767=DIRECTION('ref_axis',(-1.,0.,0.));
#1768=DIRECTION('',(-0.707106781186551,-8.65956056235497E-17,-0.707106781186544));
#1769=DIRECTION('center_axis',(0.,0.,-1.));
#1770=DIRECTION('ref_axis',(-1.,0.,0.));
#1771=DIRECTION('center_axis',(0.,0.,1.));
#1772=DIRECTION('ref_axis',(-1.,0.,0.));
#1773=DIRECTION('',(0.,0.,-1.));
#1774=DIRECTION('center_axis',(0.,0.,1.));
#1775=DIRECTION('ref_axis',(-1.,0.,0.));
#1776=DIRECTION('center_axis',(0.,0.,-1.));
#1777=DIRECTION('ref_axis',(0.707106781186548,-0.707106781186548,0.));
#1778=DIRECTION('',(0.,-1.,0.));
#1779=DIRECTION('',(-1.,0.,0.));
#1780=DIRECTION('',(0.,-1.,0.));
#1781=DIRECTION('',(-1.,-5.56657635976073E-18,0.));
#1782=DIRECTION('center_axis',(-1.,0.,0.));
#1783=DIRECTION('ref_axis',(0.,-1.,0.));
#1784=DIRECTION('',(0.,1.,0.));
#1785=DIRECTION('',(0.,0.,-1.));
#1786=DIRECTION('',(0.,0.,1.));
#1787=DIRECTION('center_axis',(0.,1.,0.));
#1788=DIRECTION('ref_axis',(-1.,0.,0.));
#1789=DIRECTION('',(1.,0.,0.));
#1790=DIRECTION('',(0.,0.,1.));
#1791=DIRECTION('center_axis',(0.,0.,1.));
#1792=DIRECTION('ref_axis',(1.,0.,0.));
#1793=DIRECTION('',(0.,-1.,0.));
#1794=DIRECTION('',(-1.,0.,0.));
#1795=DIRECTION('',(2.53765262771463E-15,1.,0.));
#1796=DIRECTION('',(-1.,0.,0.));
#1797=DIRECTION('',(-2.53765262771463E-15,-1.,0.));
#1798=DIRECTION('',(-1.,0.,0.));
#1799=DIRECTION('',(0.,-1.,0.));
#1800=DIRECTION('center_axis',(0.,0.,-1.));
#1801=DIRECTION('ref_axis',(-0.707106781186548,-0.707106781186548,0.));
#1802=DIRECTION('',(-0.0042274643705702,0.999991064232574,0.));
#1803=DIRECTION('',(-1.,0.,0.));
#1804=DIRECTION('center_axis',(0.,0.,1.));
#1805=DIRECTION('ref_axis',(0.707106781186548,0.707106781186548,0.));
#1806=DIRECTION('',(0.,1.,0.));
#1807=DIRECTION('center_axis',(0.,0.,1.));
#1808=DIRECTION('ref_axis',(0.707106781186548,-0.707106781186548,0.));
#1809=DIRECTION('',(1.,0.,0.));
#1810=DIRECTION('',(0.,-1.,0.));
#1811=DIRECTION('',(1.,0.,0.));
#1812=DIRECTION('',(0.,-1.,0.));
#1813=DIRECTION('',(1.,5.56657635976073E-18,0.));
#1814=DIRECTION('',(1.,0.,0.));
#1815=DIRECTION('',(0.,-1.,0.));
#1816=DIRECTION('',(-1.,0.,0.));
#1817=DIRECTION('',(0.,1.,0.));
#1818=DIRECTION('center_axis',(1.,0.,0.));
#1819=DIRECTION('ref_axis',(0.,1.,0.));
#1820=DIRECTION('',(0.,0.,1.));
#1821=DIRECTION('',(0.,-1.,0.));
#1822=DIRECTION('',(0.,0.,-1.));
#1823=DIRECTION('',(0.,-1.,0.));
#1824=DIRECTION('',(0.,0.,-1.));
#1825=DIRECTION('center_axis',(0.,0.,1.));
#1826=DIRECTION('ref_axis',(-1.,0.,0.));
#1827=DIRECTION('center_axis',(0.,0.,-1.));
#1828=DIRECTION('ref_axis',(-1.,0.,0.));
#1829=DIRECTION('center_axis',(0.,0.,1.));
#1830=DIRECTION('ref_axis',(-1.,0.,0.));
#1831=DIRECTION('center_axis',(0.,0.,1.));
#1832=DIRECTION('ref_axis',(-1.,0.,0.));
#1833=DIRECTION('',(-0.707106781186551,-8.65956056235497E-17,-0.707106781186544));
#1834=DIRECTION('center_axis',(0.,0.,-1.));
#1835=DIRECTION('ref_axis',(-1.,0.,0.));
#1836=DIRECTION('center_axis',(0.,0.,1.));
#1837=DIRECTION('ref_axis',(-1.,0.,0.));
#1838=DIRECTION('',(0.,0.,-1.));
#1839=DIRECTION('center_axis',(0.,0.,1.));
#1840=DIRECTION('ref_axis',(-1.,0.,0.));
#1841=DIRECTION('center_axis',(0.,0.,-1.));
#1842=DIRECTION('ref_axis',(0.707106781186548,0.707106781186548,0.));
#1843=DIRECTION('',(1.,0.,0.));
#1844=DIRECTION('',(-2.53765262771463E-15,-1.,0.));
#1845=DIRECTION('',(1.,0.,0.));
#1846=DIRECTION('center_axis',(0.,-1.,0.));
#1847=DIRECTION('ref_axis',(1.,0.,0.));
#1848=DIRECTION('',(0.,0.,1.));
#1849=DIRECTION('center_axis',(-1.,2.53765262771463E-15,0.));
#1850=DIRECTION('ref_axis',(-2.53765262771463E-15,-1.,0.));
#1851=DIRECTION('',(0.,0.,1.));
#1852=DIRECTION('center_axis',(0.,1.,0.));
#1853=DIRECTION('ref_axis',(-1.,0.,0.));
#1854=DIRECTION('',(0.,0.,1.));
#1855=DIRECTION('',(1.,0.,0.));
#1856=DIRECTION('',(0.,0.,-1.));
#1857=DIRECTION('',(1.,0.,0.));
#1858=DIRECTION('',(0.,0.,-1.));
#1859=DIRECTION('center_axis',(0.,0.,1.));
#1860=DIRECTION('ref_axis',(0.707106781186548,0.707106781186548,0.));
#1861=DIRECTION('center_axis',(0.,0.,-1.));
#1862=DIRECTION('ref_axis',(0.707106781186548,0.707106781186548,0.));
#1863=DIRECTION('center_axis',(0.,0.,1.));
#1864=DIRECTION('ref_axis',(-1.,0.,0.));
#1865=DIRECTION('center_axis',(0.,0.,-1.));
#1866=DIRECTION('ref_axis',(-1.,0.,0.));
#1867=DIRECTION('center_axis',(0.,0.,1.));
#1868=DIRECTION('ref_axis',(-1.,0.,0.));
#1869=DIRECTION('center_axis',(0.,0.,1.));
#1870=DIRECTION('ref_axis',(-1.,0.,0.));
#1871=DIRECTION('',(-0.707106781186551,-8.65956056235497E-17,-0.707106781186544));
#1872=DIRECTION('center_axis',(0.,0.,-1.));
#1873=DIRECTION('ref_axis',(-1.,0.,0.));
#1874=DIRECTION('center_axis',(0.,0.,1.));
#1875=DIRECTION('ref_axis',(-1.,0.,0.));
#1876=DIRECTION('',(0.,0.,-1.));
#1877=DIRECTION('center_axis',(0.,0.,1.));
#1878=DIRECTION('ref_axis',(-1.,0.,0.));
#1879=DIRECTION('',(0.,1.,0.));
#1880=DIRECTION('',(-1.,-5.56657635976073E-18,0.));
#1881=DIRECTION('',(0.,1.,0.));
#1882=DIRECTION('',(-1.,0.,0.));
#1883=DIRECTION('center_axis',(0.,1.,0.));
#1884=DIRECTION('ref_axis',(-1.,0.,0.));
#1885=DIRECTION('',(0.,0.,-1.));
#1886=DIRECTION('',(0.,0.,1.));
#1887=DIRECTION('center_axis',(1.,0.,0.));
#1888=DIRECTION('ref_axis',(0.,1.,0.));
#1889=DIRECTION('',(0.,0.,1.));
#1890=DIRECTION('center_axis',(5.56657635976073E-18,-1.,0.));
#1891=DIRECTION('ref_axis',(1.,5.56657635976073E-18,0.));
#1892=DIRECTION('',(0.,0.,1.));
#1893=DIRECTION('',(-1.,-5.56657635976073E-18,0.));
#1894=DIRECTION('',(0.,0.,-1.));
#1895=DIRECTION('center_axis',(0.,0.,1.));
#1896=DIRECTION('ref_axis',(-1.,0.,0.));
#1897=DIRECTION('center_axis',(0.,0.,-1.));
#1898=DIRECTION('ref_axis',(-1.,0.,0.));
#1899=DIRECTION('center_axis',(0.,0.,1.));
#1900=DIRECTION('ref_axis',(-1.,0.,0.));
#1901=DIRECTION('center_axis',(0.,0.,1.));
#1902=DIRECTION('ref_axis',(-1.,0.,0.));
#1903=DIRECTION('',(-0.707106781186551,-8.65956056235497E-17,-0.707106781186544));
#1904=DIRECTION('center_axis',(0.,0.,-1.));
#1905=DIRECTION('ref_axis',(-1.,0.,0.));
#1906=DIRECTION('center_axis',(0.,0.,1.));
#1907=DIRECTION('ref_axis',(-1.,0.,0.));
#1908=DIRECTION('',(0.,0.,-1.));
#1909=DIRECTION('center_axis',(0.,0.,1.));
#1910=DIRECTION('ref_axis',(-1.,0.,0.));
#1911=DIRECTION('',(0.,1.,0.));
#1912=DIRECTION('',(1.,0.,0.));
#1913=DIRECTION('',(2.53765262771463E-15,1.,0.));
#1914=DIRECTION('center_axis',(1.,-2.53765262771463E-15,0.));
#1915=DIRECTION('ref_axis',(2.53765262771463E-15,1.,0.));
#1916=DIRECTION('',(0.,0.,1.));
#1917=DIRECTION('center_axis',(0.,-1.,0.));
#1918=DIRECTION('ref_axis',(1.,0.,0.));
#1919=DIRECTION('',(0.,0.,1.));
#1920=DIRECTION('center_axis',(-1.,0.,0.));
#1921=DIRECTION('ref_axis',(0.,-1.,0.));
#1922=DIRECTION('',(0.,1.,0.));
#1923=DIRECTION('',(0.,0.,-1.));
#1924=DIRECTION('center_axis',(0.,1.,0.));
#1925=DIRECTION('ref_axis',(-1.,0.,0.));
#1926=DIRECTION('',(0.,0.,1.));
#1927=DIRECTION('',(-1.,0.,0.));
#1928=DIRECTION('',(0.,0.,1.));
#1929=DIRECTION('center_axis',(1.,0.,0.));
#1930=DIRECTION('ref_axis',(0.,1.,0.));
#1931=DIRECTION('',(0.,1.,0.));
#1932=DIRECTION('',(0.,0.,1.));
#1933=DIRECTION('center_axis',(0.,-1.,0.));
#1934=DIRECTION('ref_axis',(1.,0.,0.));
#1935=DIRECTION('',(1.,0.,0.));
#1936=DIRECTION('',(0.,0.,1.));
#1937=DIRECTION('center_axis',(-1.,0.,0.));
#1938=DIRECTION('ref_axis',(0.,-1.,0.));
#1939=DIRECTION('',(0.,-1.,0.));
#1940=DIRECTION('center_axis',(0.,0.,1.));
#1941=DIRECTION('ref_axis',(1.,0.,0.));
#1942=DIRECTION('center_axis',(0.707106781186548,0.,-0.707106781186548));
#1943=DIRECTION('ref_axis',(-0.707106781186548,0.,-0.707106781186548));
#1944=DIRECTION('',(0.707106781186548,0.,0.707106781186548));
#1945=DIRECTION('',(0.,1.,0.));
#1946=DIRECTION('',(-0.707106781186548,0.,-0.707106781186548));
#1947=DIRECTION('',(0.,1.,0.));
#1948=DIRECTION('center_axis',(0.,-1.,0.));
#1949=DIRECTION('ref_axis',(0.,0.,-1.));
#1950=DIRECTION('',(0.,0.,1.));
#1951=DIRECTION('',(0.,0.,-1.));
#1952=DIRECTION('',(1.,0.,0.));
#1953=DIRECTION('center_axis',(0.,0.,1.));
#1954=DIRECTION('ref_axis',(0.,-1.,0.));
#1955=DIRECTION('',(0.,1.,0.));
#1956=DIRECTION('',(0.,-1.,0.));
#1957=DIRECTION('',(1.,0.,0.));
#1958=DIRECTION('center_axis',(0.,1.,0.));
#1959=DIRECTION('ref_axis',(0.,0.,1.));
#1960=DIRECTION('',(0.,0.,-1.));
#1961=DIRECTION('',(0.,0.,1.));
#1962=DIRECTION('center_axis',(1.,0.,0.));
#1963=DIRECTION('ref_axis',(0.,0.,-1.));
#1964=DIRECTION('center_axis',(0.,0.,-1.));
#1965=DIRECTION('ref_axis',(-1.,0.,0.));
#1966=DIRECTION('center_axis',(0.,0.,-1.));
#1967=DIRECTION('ref_axis',(-1.,0.,0.));
#1968=DIRECTION('',(0.70710678118654,8.65956056235484E-17,-0.707106781186555));
#1969=DIRECTION('center_axis',(0.,0.,1.));
#1970=DIRECTION('ref_axis',(-1.,0.,0.));
#1971=DIRECTION('center_axis',(0.,0.,1.));
#1972=DIRECTION('ref_axis',(-1.,0.,0.));
#1973=DIRECTION('',(0.,0.,-1.));
#1974=DIRECTION('center_axis',(0.,0.,-1.));
#1975=DIRECTION('ref_axis',(-1.,0.,0.));
#1976=DIRECTION('center_axis',(0.,0.,1.));
#1977=DIRECTION('ref_axis',(-1.,0.,0.));
#1978=DIRECTION('center_axis',(0.,0.,-1.));
#1979=DIRECTION('ref_axis',(-1.,0.,0.));
#1980=DIRECTION('center_axis',(0.,0.,-1.));
#1981=DIRECTION('ref_axis',(-1.,0.,0.));
#1982=DIRECTION('',(0.70710678118654,8.65956056235484E-17,-0.707106781186555));
#1983=DIRECTION('center_axis',(0.,0.,1.));
#1984=DIRECTION('ref_axis',(-1.,0.,0.));
#1985=DIRECTION('center_axis',(0.,0.,1.));
#1986=DIRECTION('ref_axis',(-1.,0.,0.));
#1987=DIRECTION('',(0.,0.,-1.));
#1988=DIRECTION('center_axis',(0.,0.,-1.));
#1989=DIRECTION('ref_axis',(-1.,0.,0.));
#1990=DIRECTION('center_axis',(0.,0.,1.));
#1991=DIRECTION('ref_axis',(-1.,0.,0.));
#1992=DIRECTION('center_axis',(0.,0.,-1.));
#1993=DIRECTION('ref_axis',(-1.,0.,0.));
#1994=DIRECTION('center_axis',(0.,0.,-1.));
#1995=DIRECTION('ref_axis',(-1.,0.,0.));
#1996=DIRECTION('',(0.70710678118654,8.65956056235484E-17,-0.707106781186555));
#1997=DIRECTION('center_axis',(0.,0.,1.));
#1998=DIRECTION('ref_axis',(-1.,0.,0.));
#1999=DIRECTION('center_axis',(0.,0.,1.));
#2000=DIRECTION('ref_axis',(-1.,0.,0.));
#2001=DIRECTION('',(0.,0.,-1.));
#2002=DIRECTION('center_axis',(0.,0.,-1.));
#2003=DIRECTION('ref_axis',(-1.,0.,0.));
#2004=DIRECTION('center_axis',(0.,0.,1.));
#2005=DIRECTION('ref_axis',(-1.,0.,0.));
#2006=DIRECTION('center_axis',(0.,0.,-1.));
#2007=DIRECTION('ref_axis',(-1.,0.,0.));
#2008=DIRECTION('center_axis',(0.,0.,-1.));
#2009=DIRECTION('ref_axis',(-1.,0.,0.));
#2010=DIRECTION('',(0.70710678118654,8.65956056235484E-17,-0.707106781186555));
#2011=DIRECTION('center_axis',(0.,0.,1.));
#2012=DIRECTION('ref_axis',(-1.,0.,0.));
#2013=DIRECTION('center_axis',(0.,0.,1.));
#2014=DIRECTION('ref_axis',(-1.,0.,0.));
#2015=DIRECTION('',(0.,0.,-1.));
#2016=DIRECTION('center_axis',(0.,0.,-1.));
#2017=DIRECTION('ref_axis',(-1.,0.,0.));
#2018=DIRECTION('center_axis',(0.,0.,1.));
#2019=DIRECTION('ref_axis',(-1.,0.,0.));
#2020=DIRECTION('center_axis',(0.,0.,-1.));
#2021=DIRECTION('ref_axis',(-1.,0.,0.));
#2022=DIRECTION('center_axis',(0.,0.,-1.));
#2023=DIRECTION('ref_axis',(-1.,0.,0.));
#2024=DIRECTION('',(0.70710678118654,8.65956056235484E-17,-0.707106781186555));
#2025=DIRECTION('center_axis',(0.,0.,1.));
#2026=DIRECTION('ref_axis',(-1.,0.,0.));
#2027=DIRECTION('center_axis',(0.,0.,1.));
#2028=DIRECTION('ref_axis',(-1.,0.,0.));
#2029=DIRECTION('',(0.,0.,-1.));
#2030=DIRECTION('center_axis',(0.,0.,-1.));
#2031=DIRECTION('ref_axis',(-1.,0.,0.));
#2032=DIRECTION('center_axis',(0.,0.,1.));
#2033=DIRECTION('ref_axis',(-1.,0.,0.));
#2034=DIRECTION('center_axis',(0.,0.,-1.));
#2035=DIRECTION('ref_axis',(-1.,0.,0.));
#2036=DIRECTION('center_axis',(0.,0.,1.));
#2037=DIRECTION('ref_axis',(-1.,0.,0.));
#2038=DIRECTION('',(-0.70710678118654,8.65956056235484E-17,0.707106781186555));
#2039=DIRECTION('center_axis',(0.,0.,-1.));
#2040=DIRECTION('ref_axis',(-1.,0.,0.));
#2041=DIRECTION('center_axis',(0.,0.,1.));
#2042=DIRECTION('ref_axis',(-1.,0.,0.));
#2043=DIRECTION('',(0.,0.,-1.));
#2044=DIRECTION('center_axis',(0.,0.,-1.));
#2045=DIRECTION('ref_axis',(-1.,0.,0.));
#2046=DIRECTION('center_axis',(0.,0.,1.));
#2047=DIRECTION('ref_axis',(-1.,0.,0.));
#2048=DIRECTION('center_axis',(-1.,0.,0.));
#2049=DIRECTION('ref_axis',(0.,0.,-1.));
#2050=DIRECTION('',(0.,0.,-1.));
#2051=DIRECTION('',(0.,-1.,0.));
#2052=DIRECTION('',(0.,0.,1.));
#2053=DIRECTION('',(0.,-1.,0.));
#2054=DIRECTION('center_axis',(0.,0.,-1.));
#2055=DIRECTION('ref_axis',(1.,0.,0.));
#2056=DIRECTION('',(1.,0.,0.));
#2057=DIRECTION('',(-1.,0.,0.));
#2058=DIRECTION('center_axis',(0.,0.,-1.));
#2059=DIRECTION('ref_axis',(0.707106781186548,-0.707106781186548,0.));
#2060=DIRECTION('',(0.,-1.,0.));
#2061=DIRECTION('center_axis',(0.,0.,1.));
#2062=DIRECTION('ref_axis',(0.707106781186547,-0.707106781186547,0.));
#2063=DIRECTION('center_axis',(1.,0.,0.));
#2064=DIRECTION('ref_axis',(0.,0.,1.));
#2065=DIRECTION('',(0.,0.,1.));
#2066=DIRECTION('',(0.,0.,-1.));
#2067=DIRECTION('',(0.,-1.,0.));
#2068=DIRECTION('center_axis',(-1.15849359091321E-15,0.,1.));
#2069=DIRECTION('ref_axis',(-1.,0.,-1.15849359091321E-15));
#2070=DIRECTION('',(-1.,0.,-1.15849359091321E-15));
#2071=DIRECTION('center_axis',(1.15849359091321E-15,0.,-1.));
#2072=DIRECTION('ref_axis',(0.707106781186547,-0.707106781186547,0.));
#2073=DIRECTION('center_axis',(-1.15849359091321E-15,0.,1.));
#2074=DIRECTION('ref_axis',(0.707106781186548,-0.707106781186548,0.));
#2075=DIRECTION('',(1.,0.,1.15849359091321E-15));
#2076=DIRECTION('center_axis',(0.,1.,0.));
#2077=DIRECTION('ref_axis',(-1.,0.,0.));
#2078=DIRECTION('',(0.,0.,1.));
#2079=DIRECTION('',(-1.,0.,0.));
#2080=DIRECTION('',(1.,0.,0.));
#2081=DIRECTION('',(0.,0.,-1.));
#2082=DIRECTION('',(-1.,0.,0.));
#2083=DIRECTION('',(0.,0.,1.));
#2084=DIRECTION('center_axis',(0.,0.,1.));
#2085=DIRECTION('ref_axis',(0.707106781186548,-0.707106781186548,0.));
#2086=DIRECTION('',(0.,0.,1.));
#2087=DIRECTION('',(0.,0.,-1.));
#2088=DIRECTION('center_axis',(0.,0.,1.));
#2089=DIRECTION('ref_axis',(0.707106781186548,-0.707106781186548,0.));
#2090=DIRECTION('',(0.,0.,1.));
#2091=DIRECTION('center_axis',(-1.,0.,0.));
#2092=DIRECTION('ref_axis',(0.,-1.,0.));
#2093=DIRECTION('',(0.,0.,1.));
#2094=DIRECTION('',(0.,1.,0.));
#2095=DIRECTION('center_axis',(0.,0.,1.));
#2096=DIRECTION('ref_axis',(0.707106781186548,0.707106781186548,0.));
#2097=DIRECTION('',(0.,0.,-1.));
#2098=DIRECTION('center_axis',(0.,0.,1.));
#2099=DIRECTION('ref_axis',(0.707106781186548,0.707106781186548,0.));
#2100=DIRECTION('center_axis',(0.,-1.,0.));
#2101=DIRECTION('ref_axis',(1.,0.,0.));
#2102=DIRECTION('',(0.,0.,1.));
#2103=DIRECTION('',(-1.,0.,0.));
#2104=DIRECTION('center_axis',(-0.999991064232574,-0.0042274643705702,0.));
#2105=DIRECTION('ref_axis',(-0.0042274643705702,0.999991064232574,0.));
#2106=DIRECTION('',(0.,0.,-1.));
#2107=DIRECTION('',(-0.0042274643705702,0.999991064232574,0.));
#2108=DIRECTION('center_axis',(0.,0.,1.));
#2109=DIRECTION('ref_axis',(-0.707106781186548,-0.707106781186548,0.));
#2110=DIRECTION('center_axis',(0.,0.,-1.));
#2111=DIRECTION('ref_axis',(-0.707106781186548,-0.707106781186548,0.));
#2112=DIRECTION('center_axis',(0.,1.,0.));
#2113=DIRECTION('ref_axis',(-1.,0.,0.));
#2114=DIRECTION('',(1.,0.,0.));
#2115=DIRECTION('',(0.,0.,1.));
#2116=DIRECTION('',(1.,0.,0.));
#2117=DIRECTION('',(0.,0.,-1.));
#2118=DIRECTION('center_axis',(-1.,0.,0.));
#2119=DIRECTION('ref_axis',(0.,-1.,0.));
#2120=DIRECTION('',(0.,1.,0.));
#2121=DIRECTION('',(0.,0.,1.));
#2122=DIRECTION('',(0.,1.,0.));
#2123=DIRECTION('center_axis',(0.,0.,1.));
#2124=DIRECTION('ref_axis',(0.707106781186548,-0.707106781186548,0.));
#2125=DIRECTION('center_axis',(0.,0.,-1.));
#2126=DIRECTION('ref_axis',(0.707106781186548,-0.707106781186548,0.));
#2127=DIRECTION('center_axis',(-0.999974586110357,-0.00712931507370072,
0.));
#2128=DIRECTION('ref_axis',(-0.00712931507370072,0.999974586110357,0.));
#2129=DIRECTION('',(-0.00712931507370072,0.999974586110357,0.));
#2130=DIRECTION('',(-0.00712931507370072,0.999974586110357,0.));
#2131=DIRECTION('center_axis',(0.,0.,1.));
#2132=DIRECTION('ref_axis',(1.,0.,0.));
#2133=DIRECTION('center_axis',(1.,0.,0.));
#2134=DIRECTION('ref_axis',(0.,1.,0.));
#2135=DIRECTION('',(0.,1.,0.));
#2136=DIRECTION('',(0.,0.,1.));
#2137=DIRECTION('',(0.,1.,0.));
#2138=DIRECTION('',(0.,0.,-1.));
#2139=DIRECTION('center_axis',(0.,0.,1.));
#2140=DIRECTION('ref_axis',(1.,0.,0.));
#2141=DIRECTION('',(-0.0042274643705702,0.999991064232574,0.));
#2142=DIRECTION('center_axis',(0.,0.,-1.));
#2143=DIRECTION('ref_axis',(-0.707106781186547,-0.707106781186547,0.));
#2144=DIRECTION('',(0.,-1.,0.));
#2145=DIRECTION('center_axis',(0.,0.,1.));
#2146=DIRECTION('ref_axis',(0.707106781186547,-0.707106781186547,0.));
#2147=DIRECTION('',(0.,-1.,0.));
#2148=DIRECTION('center_axis',(0.,0.,1.));
#2149=DIRECTION('ref_axis',(0.707106781186547,0.707106781186547,0.));
#2150=DIRECTION('',(1.,0.,0.));
#2151=DIRECTION('center_axis',(0.,0.,1.));
#2152=DIRECTION('ref_axis',(0.707106781186547,-0.707106781186547,0.));
#2153=DIRECTION('center_axis',(0.,0.,1.));
#2154=DIRECTION('ref_axis',(0.707106781186547,-0.707106781186547,0.));
#2155=DIRECTION('',(0.,0.,-1.));
#2156=DIRECTION('center_axis',(0.,0.,1.));
#2157=DIRECTION('ref_axis',(0.707106781186547,-0.707106781186547,0.));
#2158=DIRECTION('center_axis',(0.,0.,1.));
#2159=DIRECTION('ref_axis',(1.,0.,0.));
#2160=DIRECTION('center_axis',(0.,0.,1.));
#2161=DIRECTION('ref_axis',(0.707106781186547,0.707106781186547,0.));
#2162=DIRECTION('',(1.,5.56657635976073E-18,0.));
#2163=DIRECTION('',(0.,-1.,0.));
#2164=DIRECTION('',(-1.,0.,0.));
#2165=DIRECTION('center_axis',(-1.,0.,0.));
#2166=DIRECTION('ref_axis',(0.,-1.,0.));
#2167=DIRECTION('',(0.,-1.,0.));
#2168=DIRECTION('',(0.,0.,1.));
#2169=DIRECTION('',(0.,-1.,0.));
#2170=DIRECTION('',(0.,0.,-1.));
#2171=DIRECTION('',(0.,-1.,0.));
#2172=DIRECTION('',(0.,0.,1.));
#2173=DIRECTION('',(0.,0.,1.));
#2174=DIRECTION('center_axis',(0.,0.,1.));
#2175=DIRECTION('ref_axis',(0.707106781186547,-0.707106781186547,0.));
#2176=DIRECTION('center_axis',(0.,0.,-1.));
#2177=DIRECTION('ref_axis',(0.707106781186547,-0.707106781186547,0.));
#2178=DIRECTION('',(0.,0.,-1.));
#2179=DIRECTION('center_axis',(5.56657635976073E-18,-1.,0.));
#2180=DIRECTION('ref_axis',(1.,5.56657635976073E-18,0.));
#2181=DIRECTION('',(1.,5.56657635976073E-18,0.));
#2182=DIRECTION('center_axis',(-0.999974586110357,-0.00712931507370072,
0.));
#2183=DIRECTION('ref_axis',(-0.00712931507370072,0.999974586110357,0.));
#2184=DIRECTION('',(0.00712931507370072,-0.999974586110357,0.));
#2185=DIRECTION('',(-0.00712931507370072,0.999974586110357,0.));
#2186=DIRECTION('center_axis',(0.,0.,1.));
#2187=DIRECTION('ref_axis',(1.,0.,0.));
#2188=DIRECTION('center_axis',(0.,0.,1.));
#2189=DIRECTION('ref_axis',(0.707106781186547,0.707106781186547,0.));
#2190=DIRECTION('center_axis',(0.,0.,1.));
#2191=DIRECTION('ref_axis',(0.707106781186547,0.707106781186547,0.));
#2192=DIRECTION('',(0.,0.,1.));
#2193=DIRECTION('center_axis',(0.,1.,0.));
#2194=DIRECTION('ref_axis',(-1.,0.,0.));
#2195=DIRECTION('',(-1.,0.,0.));
#2196=DIRECTION('center_axis',(0.,0.,1.));
#2197=DIRECTION('ref_axis',(-0.707106781186547,-0.707106781186547,0.));
#2198=DIRECTION('center_axis',(0.,0.,1.));
#2199=DIRECTION('ref_axis',(-0.707106781186547,-0.707106781186547,0.));
#2200=DIRECTION('',(0.,0.,1.));
#2201=DIRECTION('center_axis',(-0.999991064232574,-0.0042274643705702,0.));
#2202=DIRECTION('ref_axis',(-0.0042274643705702,0.999991064232574,0.));
#2203=DIRECTION('',(0.0042274643705702,-0.999991064232574,0.));
#2204=DIRECTION('',(0.,0.,-1.));
#2205=DIRECTION('center_axis',(0.,-1.,0.));
#2206=DIRECTION('ref_axis',(1.,0.,0.));
#2207=DIRECTION('',(1.,0.,0.));
#2208=DIRECTION('',(0.,0.,-1.));
#2209=DIRECTION('center_axis',(0.,0.,1.));
#2210=DIRECTION('ref_axis',(0.707106781186547,0.707106781186547,0.));
#2211=DIRECTION('center_axis',(0.,0.,-1.));
#2212=DIRECTION('ref_axis',(0.707106781186547,0.707106781186547,0.));
#2213=DIRECTION('',(0.,0.,1.));
#2214=DIRECTION('center_axis',(-1.,0.,0.));
#2215=DIRECTION('ref_axis',(0.,-1.,0.));
#2216=DIRECTION('',(0.,-1.,0.));
#2217=DIRECTION('center_axis',(0.,0.,1.));
#2218=DIRECTION('ref_axis',(1.,0.,0.));
#2219=CARTESIAN_POINT('',(0.,0.,0.));
#2220=CARTESIAN_POINT('Origin',(149.,7.49999999999993,14.5));
#2221=CARTESIAN_POINT('',(151.3,7.49999999999993,14.5));
#2222=CARTESIAN_POINT('Origin',(149.,7.49999999999993,14.5));
#2223=CARTESIAN_POINT('Origin',(149.,7.49999999999993,18.75));
#2224=CARTESIAN_POINT('',(151.8,7.49999999999993,19.));
#2225=CARTESIAN_POINT('Origin',(149.,7.49999999999993,19.));
#2226=CARTESIAN_POINT('',(151.3,7.49999999999993,18.5));
#2227=CARTESIAN_POINT('',(151.55,7.49999999999993,18.75));
#2228=CARTESIAN_POINT('Origin',(149.,7.49999999999993,18.5));
#2229=CARTESIAN_POINT('Origin',(149.,7.49999999999993,4.));
#2230=CARTESIAN_POINT('',(151.3,7.49999999999993,4.));
#2231=CARTESIAN_POINT('Origin',(149.,7.49999999999993,19.));
#2232=CARTESIAN_POINT('',(152.5,5.,19.));
#2233=CARTESIAN_POINT('',(151.5,4.,19.));
#2234=CARTESIAN_POINT('Origin',(151.5,5.,19.));
#2235=CARTESIAN_POINT('',(152.5,10.9999999999999,19.));
#2236=CARTESIAN_POINT('',(152.5,3.74999999999997,19.));
#2237=CARTESIAN_POINT('',(145.5,10.9999999999999,19.));
#2238=CARTESIAN_POINT('',(152.5,10.9999999999999,19.));
#2239=CARTESIAN_POINT('',(145.5,3.99999999999993,19.));
#2240=CARTESIAN_POINT('',(145.5,10.9999999999999,19.));
#2241=CARTESIAN_POINT('',(125.25,4.,19.));
#2242=CARTESIAN_POINT('Origin',(145.5,10.9999999999999,4.));
#2243=CARTESIAN_POINT('',(145.5,3.99999999999993,4.));
#2244=CARTESIAN_POINT('',(145.5,10.9999999999999,4.));
#2245=CARTESIAN_POINT('',(145.5,49.675,4.));
#2246=CARTESIAN_POINT('',(145.5,4.,2.));
#2247=CARTESIAN_POINT('',(145.5,10.9999999999999,4.));
#2248=CARTESIAN_POINT('Origin',(152.5,10.9999999999999,4.));
#2249=CARTESIAN_POINT('',(152.5,10.9999999999999,4.));
#2250=CARTESIAN_POINT('',(140.75,10.9999999999999,4.));
#2251=CARTESIAN_POINT('',(152.5,10.9999999999999,2.));
#2252=CARTESIAN_POINT('Origin',(129.,88.35,4.));
#2253=CARTESIAN_POINT('',(152.5,165.7,4.));
#2254=CARTESIAN_POINT('',(152.5,44.175,4.));
#2255=CARTESIAN_POINT('',(145.5,165.7,4.));
#2256=CARTESIAN_POINT('',(137.25,165.7,4.));
#2257=CARTESIAN_POINT('',(145.5,172.7,4.));
#2258=CARTESIAN_POINT('',(145.5,130.525,4.));
#2259=CARTESIAN_POINT('',(112.5,172.7,4.));
#2260=CARTESIAN_POINT('',(142.75,172.7,4.));
#2261=CARTESIAN_POINT('',(112.5,165.7,4.));
#2262=CARTESIAN_POINT('',(112.5,127.025,4.));
#2263=CARTESIAN_POINT('',(105.5,165.7,4.));
#2264=CARTESIAN_POINT('',(117.25,165.7,4.));
#2265=CARTESIAN_POINT('',(105.5,104.6,4.));
#2266=CARTESIAN_POINT('',(105.5,83.975,4.));
#2267=CARTESIAN_POINT('',(105.500189856569,104.563545097227,4.));
#2268=CARTESIAN_POINT('Origin',(109.,104.6,4.));
#2269=CARTESIAN_POINT('',(105.514832000902,101.1,4.));
#2270=CARTESIAN_POINT('',(105.55041096357,92.6839279473739,4.));
#2271=CARTESIAN_POINT('',(124.,101.1,4.));
#2272=CARTESIAN_POINT('',(115.25,101.1,4.));
#2273=CARTESIAN_POINT('',(135.5,89.6,4.));
#2274=CARTESIAN_POINT('Origin',(124.,89.6,4.));
#2275=CARTESIAN_POINT('',(135.5,87.1,4.));
#2276=CARTESIAN_POINT('',(135.5,92.725,4.));
#2277=CARTESIAN_POINT('',(124.,75.6,4.));
#2278=CARTESIAN_POINT('Origin',(124.,87.1,4.));
#2279=CARTESIAN_POINT('',(105.5,75.6,4.));
#2280=CARTESIAN_POINT('',(130.25,75.6,4.));
#2281=CARTESIAN_POINT('',(105.5,11.,4.));
#2282=CARTESIAN_POINT('',(105.5,83.975,4.));
#2283=CARTESIAN_POINT('',(112.5,11.,4.));
#2284=CARTESIAN_POINT('',(120.75,11.,4.));
#2285=CARTESIAN_POINT('',(112.5,4.,4.));
#2286=CARTESIAN_POINT('',(112.5,46.175,4.));
#2287=CARTESIAN_POINT('',(115.25,4.,4.));
#2288=CARTESIAN_POINT('',(132.6,67.12,4.));
#2289=CARTESIAN_POINT('',(137.6,67.12,4.));
#2290=CARTESIAN_POINT('',(133.3,67.12,4.));
#2291=CARTESIAN_POINT('',(137.6,27.12,4.));
#2292=CARTESIAN_POINT('',(137.6,57.735,4.));
#2293=CARTESIAN_POINT('',(132.6,27.12,4.));
#2294=CARTESIAN_POINT('',(130.8,27.12,4.));
#2295=CARTESIAN_POINT('',(132.6,77.735,4.));
#2296=CARTESIAN_POINT('Origin',(152.5,3.0616169978684E-16,0.));
#2297=CARTESIAN_POINT('',(152.5,5.,37.5));
#2298=CARTESIAN_POINT('',(152.5,5.,0.));
#2299=CARTESIAN_POINT('',(152.5,171.7,37.5));
#2300=CARTESIAN_POINT('',(152.5,44.175,37.5));
#2301=CARTESIAN_POINT('',(152.5,171.7,19.));
#2302=CARTESIAN_POINT('',(152.5,171.7,0.));
#2303=CARTESIAN_POINT('',(152.5,165.7,19.));
#2304=CARTESIAN_POINT('',(152.5,84.6,19.));
#2305=CARTESIAN_POINT('',(152.5,165.7,2.));
#2306=CARTESIAN_POINT('Origin',(149.,169.2,14.5));
#2307=CARTESIAN_POINT('',(151.3,169.2,14.5));
#2308=CARTESIAN_POINT('Origin',(149.,169.2,14.5));
#2309=CARTESIAN_POINT('Origin',(149.,169.2,18.75));
#2310=CARTESIAN_POINT('',(151.8,169.2,19.));
#2311=CARTESIAN_POINT('Origin',(149.,169.2,19.));
#2312=CARTESIAN_POINT('',(151.3,169.2,18.5));
#2313=CARTESIAN_POINT('',(151.55,169.2,18.75));
#2314=CARTESIAN_POINT('Origin',(149.,169.2,18.5));
#2315=CARTESIAN_POINT('Origin',(149.,169.2,4.));
#2316=CARTESIAN_POINT('',(151.3,169.2,4.));
#2317=CARTESIAN_POINT('Origin',(149.,169.2,19.));
#2318=CARTESIAN_POINT('',(151.5,172.7,19.));
#2319=CARTESIAN_POINT('Origin',(151.5,171.7,19.));
#2320=CARTESIAN_POINT('',(145.5,172.7,19.));
#2321=CARTESIAN_POINT('',(152.75,172.7,19.));
#2322=CARTESIAN_POINT('',(145.5,165.7,19.));
#2323=CARTESIAN_POINT('',(145.5,165.7,19.));
#2324=CARTESIAN_POINT('',(152.5,165.7,19.));
#2325=CARTESIAN_POINT('Origin',(145.5,165.7,4.));
#2326=CARTESIAN_POINT('',(145.5,165.7,4.));
#2327=CARTESIAN_POINT('Origin',(145.5,172.7,4.));
#2328=CARTESIAN_POINT('',(145.5,172.7,2.));
#2329=CARTESIAN_POINT('Origin',(156.5,172.7,0.));
#2330=CARTESIAN_POINT('',(151.5,172.7,37.5));
#2331=CARTESIAN_POINT('',(151.5,172.7,0.));
#2332=CARTESIAN_POINT('',(105.5,172.7,37.5));
#2333=CARTESIAN_POINT('',(142.736632194509,172.7,37.5));
#2334=CARTESIAN_POINT('',(105.5,172.7,19.));
#2335=CARTESIAN_POINT('',(105.5,172.7,0.));
#2336=CARTESIAN_POINT('',(112.5,172.7,19.));
#2337=CARTESIAN_POINT('',(132.75,172.7,19.));
#2338=CARTESIAN_POINT('',(112.5,172.7,2.));
#2339=CARTESIAN_POINT('Origin',(151.5,171.7,0.));
#2340=CARTESIAN_POINT('Origin',(151.5,171.7,37.5));
#2341=CARTESIAN_POINT('Origin',(109.,7.5,14.5));
#2342=CARTESIAN_POINT('',(111.3,7.5,14.5));
#2343=CARTESIAN_POINT('Origin',(109.,7.5,14.5));
#2344=CARTESIAN_POINT('Origin',(109.,7.5,18.75));
#2345=CARTESIAN_POINT('',(111.8,7.5,19.));
#2346=CARTESIAN_POINT('Origin',(109.,7.5,19.));
#2347=CARTESIAN_POINT('',(111.3,7.5,18.5));
#2348=CARTESIAN_POINT('',(111.55,7.5,18.75));
#2349=CARTESIAN_POINT('Origin',(109.,7.5,18.5));
#2350=CARTESIAN_POINT('Origin',(109.,7.5,4.));
#2351=CARTESIAN_POINT('',(111.3,7.5,4.));
#2352=CARTESIAN_POINT('Origin',(109.,7.5,19.));
#2353=CARTESIAN_POINT('',(105.5,4.,19.));
#2354=CARTESIAN_POINT('',(105.5,11.,19.));
#2355=CARTESIAN_POINT('',(105.5,43.55,19.));
#2356=CARTESIAN_POINT('',(112.5,4.,19.));
#2357=CARTESIAN_POINT('',(105.25,4.,19.));
#2358=CARTESIAN_POINT('',(112.5,11.,19.));
#2359=CARTESIAN_POINT('',(112.5,4.,19.));
#2360=CARTESIAN_POINT('',(112.5,11.,19.));
#2361=CARTESIAN_POINT('Origin',(112.5,11.,4.));
#2362=CARTESIAN_POINT('',(105.5,11.,2.));
#2363=CARTESIAN_POINT('',(112.5,11.,4.));
#2364=CARTESIAN_POINT('Origin',(112.5,4.,4.));
#2365=CARTESIAN_POINT('',(112.5,4.,2.));
#2366=CARTESIAN_POINT('Origin',(101.5,4.,0.));
#2367=CARTESIAN_POINT('',(105.5,4.,37.5));
#2368=CARTESIAN_POINT('',(105.5,4.,0.));
#2369=CARTESIAN_POINT('',(151.5,4.,37.5));
#2370=CARTESIAN_POINT('',(115.236632194509,4.,37.5));
#2371=CARTESIAN_POINT('',(151.5,4.,0.));
#2372=CARTESIAN_POINT('Origin',(109.,169.2,14.5));
#2373=CARTESIAN_POINT('',(111.3,169.2,14.5));
#2374=CARTESIAN_POINT('Origin',(109.,169.2,14.5));
#2375=CARTESIAN_POINT('Origin',(109.,169.2,18.75));
#2376=CARTESIAN_POINT('',(111.8,169.2,19.));
#2377=CARTESIAN_POINT('Origin',(109.,169.2,19.));
#2378=CARTESIAN_POINT('',(111.3,169.2,18.5));
#2379=CARTESIAN_POINT('',(111.55,169.2,18.75));
#2380=CARTESIAN_POINT('Origin',(109.,169.2,18.5));
#2381=CARTESIAN_POINT('Origin',(109.,169.2,4.));
#2382=CARTESIAN_POINT('',(111.3,169.2,4.));
#2383=CARTESIAN_POINT('Origin',(109.,169.2,19.));
#2384=CARTESIAN_POINT('',(105.5,165.7,19.));
#2385=CARTESIAN_POINT('',(105.5,124.4,19.));
#2386=CARTESIAN_POINT('',(112.5,165.7,19.));
#2387=CARTESIAN_POINT('',(112.5,165.7,19.));
#2388=CARTESIAN_POINT('',(112.5,172.7,19.));
#2389=CARTESIAN_POINT('Origin',(112.5,165.7,4.));
#2390=CARTESIAN_POINT('',(112.5,165.7,4.));
#2391=CARTESIAN_POINT('Origin',(105.5,165.7,4.));
#2392=CARTESIAN_POINT('',(105.5,165.7,2.));
#2393=CARTESIAN_POINT('Origin',(105.5,79.6,0.));
#2394=CARTESIAN_POINT('',(105.5,104.6,37.5));
#2395=CARTESIAN_POINT('',(105.5,83.975,37.5));
#2396=CARTESIAN_POINT('',(105.5,104.6,0.));
#2397=CARTESIAN_POINT('Origin',(137.6,67.12,4.));
#2398=CARTESIAN_POINT('',(132.6,67.12,25.905));
#2399=CARTESIAN_POINT('',(132.6,67.12,4.));
#2400=CARTESIAN_POINT('',(137.6,67.12,25.905));
#2401=CARTESIAN_POINT('',(137.6,67.12,25.905));
#2402=CARTESIAN_POINT('',(137.6,67.12,4.));
#2403=CARTESIAN_POINT('Origin',(137.6,27.12,4.));
#2404=CARTESIAN_POINT('',(137.6,27.12,25.905));
#2405=CARTESIAN_POINT('',(137.6,27.12,25.905));
#2406=CARTESIAN_POINT('',(137.6,27.12,4.));
#2407=CARTESIAN_POINT('Origin',(132.6,27.12,4.));
#2408=CARTESIAN_POINT('',(132.6,27.12,25.905));
#2409=CARTESIAN_POINT('',(132.6,27.12,25.905));
#2410=CARTESIAN_POINT('',(132.6,27.12,4.));
#2411=CARTESIAN_POINT('Origin',(132.6,67.12,4.));
#2412=CARTESIAN_POINT('',(132.6,67.12,25.905));
#2413=CARTESIAN_POINT('Origin',(135.1,47.12,25.905));
#2414=CARTESIAN_POINT('Origin',(109.25,47.01,9.5));
#2415=CARTESIAN_POINT('',(105.5,19.42,5.75));
#2416=CARTESIAN_POINT('',(113.,19.42,13.25));
#2417=CARTESIAN_POINT('',(109.25,19.42,9.5));
#2418=CARTESIAN_POINT('',(113.,14.42,13.25));
#2419=CARTESIAN_POINT('',(113.,14.42,13.25));
#2420=CARTESIAN_POINT('',(105.5,14.42,5.75));
#2421=CARTESIAN_POINT('',(113.,14.42,13.25));
#2422=CARTESIAN_POINT('',(105.5,47.01,5.75));
#2423=CARTESIAN_POINT('Origin',(105.5,14.42,28.25));
#2424=CARTESIAN_POINT('',(105.5,14.42,28.25));
#2425=CARTESIAN_POINT('',(105.5,14.42,14.125));
#2426=CARTESIAN_POINT('',(113.,14.42,28.25));
#2427=CARTESIAN_POINT('',(113.,14.42,28.25));
#2428=CARTESIAN_POINT('',(105.5,14.42,28.25));
#2429=CARTESIAN_POINT('Origin',(105.5,19.42,28.25));
#2430=CARTESIAN_POINT('',(105.5,19.42,28.25));
#2431=CARTESIAN_POINT('',(105.5,49.51,28.25));
#2432=CARTESIAN_POINT('',(113.,19.42,28.25));
#2433=CARTESIAN_POINT('',(113.,19.42,28.25));
#2434=CARTESIAN_POINT('',(105.5,19.42,28.25));
#2435=CARTESIAN_POINT('Origin',(105.5,19.42,13.25));
#2436=CARTESIAN_POINT('',(105.5,19.42,6.625));
#2437=CARTESIAN_POINT('',(113.,19.42,13.25));
#2438=CARTESIAN_POINT('Origin',(113.,16.92,20.75));
#2439=CARTESIAN_POINT('Origin',(126.749999999674,2.,40.3));
#2440=CARTESIAN_POINT('',(127.349999999674,2.,40.5));
#2441=CARTESIAN_POINT('Origin',(126.749999999674,2.,40.5));
#2442=CARTESIAN_POINT('',(127.749999999674,2.,40.1));
#2443=CARTESIAN_POINT('',(127.549999999674,2.,40.3));
#2444=CARTESIAN_POINT('Origin',(126.749999999674,2.,40.1));
#2445=CARTESIAN_POINT('Origin',(126.749999999674,2.,37.5));
#2446=CARTESIAN_POINT('',(127.749999999674,2.,37.5));
#2447=CARTESIAN_POINT('',(127.749999999674,2.,37.5));
#2448=CARTESIAN_POINT('Origin',(126.749999999674,2.,37.5));
#2449=CARTESIAN_POINT('Origin',(126.,174.7,40.5));
#2450=CARTESIAN_POINT('Origin',(103.5,58.9,40.3));
#2451=CARTESIAN_POINT('',(104.1,58.9,40.5));
#2452=CARTESIAN_POINT('Origin',(103.5,58.9,40.5));
#2453=CARTESIAN_POINT('',(104.5,58.9,40.1));
#2454=CARTESIAN_POINT('',(104.3,58.9,40.3));
#2455=CARTESIAN_POINT('Origin',(103.5,58.9,40.1));
#2456=CARTESIAN_POINT('Origin',(103.5,58.9,37.5));
#2457=CARTESIAN_POINT('',(104.5,58.9,37.5));
#2458=CARTESIAN_POINT('',(104.5,58.9,37.5));
#2459=CARTESIAN_POINT('Origin',(103.5,58.9,37.5));
#2460=CARTESIAN_POINT('Origin',(126.,174.7,40.5));
#2461=CARTESIAN_POINT('Origin',(154.5,58.9,40.3));
#2462=CARTESIAN_POINT('',(155.1,58.9,40.5));
#2463=CARTESIAN_POINT('Origin',(154.5,58.9,40.5));
#2464=CARTESIAN_POINT('',(155.5,58.9,40.1));
#2465=CARTESIAN_POINT('',(155.3,58.9,40.3));
#2466=CARTESIAN_POINT('Origin',(154.5,58.9,40.1));
#2467=CARTESIAN_POINT('Origin',(154.5,58.9,37.5));
#2468=CARTESIAN_POINT('',(155.5,58.9,37.5));
#2469=CARTESIAN_POINT('',(155.5,58.9,37.5));
#2470=CARTESIAN_POINT('Origin',(154.5,58.9,37.5));
#2471=CARTESIAN_POINT('Origin',(126.,174.7,40.5));
#2472=CARTESIAN_POINT('Origin',(103.5,120.302707676714,40.3));
#2473=CARTESIAN_POINT('',(104.1,120.302707676714,40.5));
#2474=CARTESIAN_POINT('Origin',(103.5,120.302707676714,40.5));
#2475=CARTESIAN_POINT('',(104.5,120.302707676714,40.1));
#2476=CARTESIAN_POINT('',(104.3,120.302707676714,40.3));
#2477=CARTESIAN_POINT('Origin',(103.5,120.302707676714,40.1));
#2478=CARTESIAN_POINT('Origin',(103.5,120.302707676714,37.5));
#2479=CARTESIAN_POINT('',(104.5,120.302707676714,37.5));
#2480=CARTESIAN_POINT('',(104.5,120.302707676714,37.5));
#2481=CARTESIAN_POINT('Origin',(103.5,120.302707676714,37.5));
#2482=CARTESIAN_POINT('Origin',(126.,174.7,40.5));
#2483=CARTESIAN_POINT('Origin',(154.5,117.8,40.3));
#2484=CARTESIAN_POINT('',(155.1,117.8,40.5));
#2485=CARTESIAN_POINT('Origin',(154.5,117.8,40.5));
#2486=CARTESIAN_POINT('',(155.5,117.8,40.1));
#2487=CARTESIAN_POINT('',(155.3,117.8,40.3));
#2488=CARTESIAN_POINT('Origin',(154.5,117.8,40.1));
#2489=CARTESIAN_POINT('Origin',(154.5,117.8,37.5));
#2490=CARTESIAN_POINT('',(155.5,117.8,37.5));
#2491=CARTESIAN_POINT('',(155.5,117.8,37.5));
#2492=CARTESIAN_POINT('Origin',(154.5,117.8,37.5));
#2493=CARTESIAN_POINT('Origin',(126.,174.7,40.5));
#2494=CARTESIAN_POINT('Origin',(126.,174.7,40.3));
#2495=CARTESIAN_POINT('',(127.,174.7,40.1));
#2496=CARTESIAN_POINT('Origin',(126.,174.7,40.1));
#2497=CARTESIAN_POINT('',(126.6,174.7,40.5));
#2498=CARTESIAN_POINT('',(126.8,174.7,40.3));
#2499=CARTESIAN_POINT('Origin',(126.,174.7,40.5));
#2500=CARTESIAN_POINT('Origin',(126.,174.7,37.5));
#2501=CARTESIAN_POINT('',(127.,174.7,37.5));
#2502=CARTESIAN_POINT('',(127.,174.7,37.5));
#2503=CARTESIAN_POINT('Origin',(126.,174.7,37.5));
#2504=CARTESIAN_POINT('Origin',(126.,174.7,40.5));
#2505=CARTESIAN_POINT('Origin',(113.25,94.6,32.));
#2506=CARTESIAN_POINT('',(113.25,79.6,32.));
#2507=CARTESIAN_POINT('',(113.25,79.6,20.5));
#2508=CARTESIAN_POINT('',(113.25,79.6,16.));
#2509=CARTESIAN_POINT('',(113.25,75.6,32.));
#2510=CARTESIAN_POINT('',(113.25,94.6,32.));
#2511=CARTESIAN_POINT('',(113.25,75.6,20.5));
#2512=CARTESIAN_POINT('',(113.25,75.6,16.));
#2513=CARTESIAN_POINT('',(113.25,94.6,20.5));
#2514=CARTESIAN_POINT('Origin',(113.25,94.6,20.5));
#2515=CARTESIAN_POINT('',(124.,79.6,20.5));
#2516=CARTESIAN_POINT('',(122.375,79.6,20.5));
#2517=CARTESIAN_POINT('',(124.,75.6,20.5));
#2518=CARTESIAN_POINT('',(122.375,75.6,20.5));
#2519=CARTESIAN_POINT('',(124.75,75.6244825824715,20.5));
#2520=CARTESIAN_POINT('Origin',(124.,87.1,20.5));
#2521=CARTESIAN_POINT('',(124.75,79.6375942217004,20.5));
#2522=CARTESIAN_POINT('',(124.75,94.6,20.5));
#2523=CARTESIAN_POINT('Origin',(124.,87.1,20.5));
#2524=CARTESIAN_POINT('Origin',(124.75,94.6,20.5));
#2525=CARTESIAN_POINT('',(124.75,79.6375942217004,32.));
#2526=CARTESIAN_POINT('',(124.75,79.6375942217004,0.));
#2527=CARTESIAN_POINT('',(124.75,75.6244825824715,32.));
#2528=CARTESIAN_POINT('',(124.75,75.6244825824715,0.));
#2529=CARTESIAN_POINT('',(124.75,94.6,32.));
#2530=CARTESIAN_POINT('Origin',(124.75,94.6,32.));
#2531=CARTESIAN_POINT('',(124.,79.6,32.));
#2532=CARTESIAN_POINT('',(128.125,79.6,32.));
#2533=CARTESIAN_POINT('Origin',(124.,87.1,32.));
#2534=CARTESIAN_POINT('',(124.,75.6,32.));
#2535=CARTESIAN_POINT('Origin',(124.,87.1,32.));
#2536=CARTESIAN_POINT('',(128.125,75.6,32.));
#2537=CARTESIAN_POINT('Origin',(131.5,79.6,0.));
#2538=CARTESIAN_POINT('',(124.,79.6,5.));
#2539=CARTESIAN_POINT('',(124.,79.6,0.));
#2540=CARTESIAN_POINT('',(101.5,79.6,5.));
#2541=CARTESIAN_POINT('',(124.,79.6,5.));
#2542=CARTESIAN_POINT('',(101.446528778036,79.6,5.));
#2543=CARTESIAN_POINT('',(103.334896583527,79.6,5.));
#2544=CARTESIAN_POINT('',(101.446528778036,79.6,37.5));
#2545=CARTESIAN_POINT('',(101.446528778036,79.6,40.));
#2546=CARTESIAN_POINT('',(124.,79.6,37.5));
#2547=CARTESIAN_POINT('',(130.236632194509,79.6,37.5));
#2548=CARTESIAN_POINT('',(124.,79.6,0.));
#2549=CARTESIAN_POINT('Origin',(124.,87.1,0.));
#2550=CARTESIAN_POINT('',(124.,75.6,0.));
#2551=CARTESIAN_POINT('',(135.5,87.1,37.5));
#2552=CARTESIAN_POINT('',(135.5,87.1,0.));
#2553=CARTESIAN_POINT('',(124.,75.6,37.5));
#2554=CARTESIAN_POINT('Origin',(124.,87.1,37.5));
#2555=CARTESIAN_POINT('',(124.,75.6,0.));
#2556=CARTESIAN_POINT('Origin',(135.5,97.1,0.));
#2557=CARTESIAN_POINT('',(135.5,89.6,37.5));
#2558=CARTESIAN_POINT('',(135.5,89.6,0.));
#2559=CARTESIAN_POINT('',(135.5,92.725,37.5));
#2560=CARTESIAN_POINT('Origin',(124.,89.6,0.));
#2561=CARTESIAN_POINT('',(124.,101.1,37.5));
#2562=CARTESIAN_POINT('',(124.,101.1,0.));
#2563=CARTESIAN_POINT('Origin',(124.,89.6,37.5));
#2564=CARTESIAN_POINT('Origin',(101.5,101.1,0.));
#2565=CARTESIAN_POINT('',(105.514832000902,101.1,37.5));
#2566=CARTESIAN_POINT('',(105.514832000902,101.1,20.));
#2567=CARTESIAN_POINT('',(115.236632194509,101.1,37.5));
#2568=CARTESIAN_POINT('Origin',(105.531670523029,97.1169098574823,40.));
#2569=CARTESIAN_POINT('',(105.500189856569,104.563545097227,37.5));
#2570=CARTESIAN_POINT('',(105.500189856569,104.563545097227,0.));
#2571=CARTESIAN_POINT('',(105.550410724668,92.6839844587903,37.5));
#2572=CARTESIAN_POINT('Origin',(109.,104.6,0.));
#2573=CARTESIAN_POINT('Origin',(109.,104.6,37.5));
#2574=CARTESIAN_POINT('Origin',(131.5,75.6,0.));
#2575=CARTESIAN_POINT('',(105.475148421225,75.6,37.5));
#2576=CARTESIAN_POINT('',(130.236632194509,75.6,37.5));
#2577=CARTESIAN_POINT('',(105.475148421225,75.6,9.));
#2578=CARTESIAN_POINT('',(105.475148421225,75.6,20.));
#2579=CARTESIAN_POINT('',(105.5,75.6,9.));
#2580=CARTESIAN_POINT('',(118.361632194509,75.6,9.));
#2581=CARTESIAN_POINT('',(105.5,75.6,0.));
#2582=CARTESIAN_POINT('Origin',(105.5,79.6,0.));
#2583=CARTESIAN_POINT('',(105.5,72.1142588113341,9.));
#2584=CARTESIAN_POINT('',(105.5,83.975,9.));
#2585=CARTESIAN_POINT('',(105.5,72.1142588113341,37.5));
#2586=CARTESIAN_POINT('',(105.5,72.1142588113341,20.));
#2587=CARTESIAN_POINT('',(105.5,83.975,37.5));
#2588=CARTESIAN_POINT('Origin',(151.5,5.,0.));
#2589=CARTESIAN_POINT('Origin',(151.5,5.,37.5));
#2590=CARTESIAN_POINT('Origin',(105.499898344441,72.1285172602948,40.));
#2591=CARTESIAN_POINT('',(105.442672325222,80.1551739997224,37.5));
#2592=CARTESIAN_POINT('',(105.442068753013,80.239832464667,9.));
#2593=CARTESIAN_POINT('Origin',(105.223264389018,88.35,9.));
#2594=CARTESIAN_POINT('Origin',(156.5,3.0616169978684E-16,0.));
#2595=CARTESIAN_POINT('',(156.5,5.,37.5));
#2596=CARTESIAN_POINT('',(156.5,171.7,37.5));
#2597=CARTESIAN_POINT('',(156.5,44.175,37.5));
#2598=CARTESIAN_POINT('',(156.5,5.,0.));
#2599=CARTESIAN_POINT('',(156.5,5.,0.));
#2600=CARTESIAN_POINT('',(156.5,171.7,0.));
#2601=CARTESIAN_POINT('',(156.5,3.0616169978684E-16,0.));
#2602=CARTESIAN_POINT('',(156.5,171.7,0.));
#2603=CARTESIAN_POINT('Origin',(116.5,88.35,5.));
#2604=CARTESIAN_POINT('',(101.531706266099,97.1,5.));
#2605=CARTESIAN_POINT('',(101.500268071825,104.536588601075,5.));
#2606=CARTESIAN_POINT('',(101.550335010046,92.6934395061099,5.));
#2607=CARTESIAN_POINT('',(101.5,104.6,5.));
#2608=CARTESIAN_POINT('Origin',(109.,104.6,5.));
#2609=CARTESIAN_POINT('',(101.5,79.6,5.));
#2610=CARTESIAN_POINT('',(131.5,87.1,5.));
#2611=CARTESIAN_POINT('Origin',(124.,87.1,5.));
#2612=CARTESIAN_POINT('',(131.5,89.6,5.));
#2613=CARTESIAN_POINT('',(131.5,92.725,5.));
#2614=CARTESIAN_POINT('',(124.,97.1,5.));
#2615=CARTESIAN_POINT('Origin',(124.,89.6,5.));
#2616=CARTESIAN_POINT('',(109.,97.1,5.));
#2617=CARTESIAN_POINT('Origin',(151.5,5.,0.));
#2618=CARTESIAN_POINT('',(151.5,5.55111512312578E-16,37.5));
#2619=CARTESIAN_POINT('Origin',(151.5,5.,37.5));
#2620=CARTESIAN_POINT('',(151.5,2.78328817988037E-16,0.));
#2621=CARTESIAN_POINT('',(151.5,5.55111512312578E-16,0.));
#2622=CARTESIAN_POINT('Origin',(151.5,5.,0.));
#2623=CARTESIAN_POINT('Origin',(129.,88.35,0.));
#2624=CARTESIAN_POINT('',(151.5,176.7,0.));
#2625=CARTESIAN_POINT('Origin',(151.5,171.7,0.));
#2626=CARTESIAN_POINT('',(101.5,0.,0.));
#2627=CARTESIAN_POINT('',(101.5,0.,0.));
#2628=CARTESIAN_POINT('',(101.5,176.7,0.));
#2629=CARTESIAN_POINT('',(101.5,176.7,0.));
#2630=CARTESIAN_POINT('',(156.5,176.7,0.));
#2631=CARTESIAN_POINT('Origin',(101.5,79.6,0.));
#2632=CARTESIAN_POINT('',(101.5,72.1,37.5));
#2633=CARTESIAN_POINT('',(101.5,0.,37.5));
#2634=CARTESIAN_POINT('',(101.5,83.975,37.5));
#2635=CARTESIAN_POINT('',(101.5,72.1,5.));
#2636=CARTESIAN_POINT('',(101.5,72.1,0.));
#2637=CARTESIAN_POINT('',(101.5,79.6,5.));
#2638=CARTESIAN_POINT('',(101.5,104.6,37.5));
#2639=CARTESIAN_POINT('',(101.5,104.6,0.));
#2640=CARTESIAN_POINT('',(101.5,176.7,37.5));
#2641=CARTESIAN_POINT('',(101.5,83.975,37.5));
#2642=CARTESIAN_POINT('',(101.5,176.7,0.));
#2643=CARTESIAN_POINT('',(101.5,0.,0.));
#2644=CARTESIAN_POINT('Origin',(124.,87.1,0.));
#2645=CARTESIAN_POINT('',(131.5,87.1,37.5));
#2646=CARTESIAN_POINT('Origin',(124.,87.1,37.5));
#2647=CARTESIAN_POINT('',(131.5,87.1,0.));
#2648=CARTESIAN_POINT('Origin',(101.5,0.,0.));
#2649=CARTESIAN_POINT('',(115.236632194509,0.,37.5));
#2650=CARTESIAN_POINT('Origin',(101.5,72.1,40.));
#2651=CARTESIAN_POINT('',(101.44277398078,80.1266567394276,37.5));
#2652=CARTESIAN_POINT('',(101.442170408571,80.2113152043722,5.));
#2653=CARTESIAN_POINT('Origin',(105.223264389018,88.35,5.));
#2654=CARTESIAN_POINT('Origin',(151.5,171.7,0.));
#2655=CARTESIAN_POINT('',(151.5,176.7,37.5));
#2656=CARTESIAN_POINT('Origin',(151.5,171.7,37.5));
#2657=CARTESIAN_POINT('',(151.5,176.7,0.));
#2658=CARTESIAN_POINT('Origin',(156.5,176.7,0.));
#2659=CARTESIAN_POINT('',(142.736632194509,176.7,37.5));
#2660=CARTESIAN_POINT('Origin',(109.,104.6,0.));
#2661=CARTESIAN_POINT('',(101.500268071825,104.536588601077,37.5));
#2662=CARTESIAN_POINT('Origin',(109.,104.6,37.5));
#2663=CARTESIAN_POINT('',(101.500268071825,104.536588601077,0.));
#2664=CARTESIAN_POINT('Origin',(101.531706266099,97.1,40.));
#2665=CARTESIAN_POINT('',(101.531706266099,97.1,37.5));
#2666=CARTESIAN_POINT('',(101.550446467738,92.667074601308,37.5));
#2667=CARTESIAN_POINT('',(101.531706266099,97.1,40.));
#2668=CARTESIAN_POINT('Origin',(101.5,97.1,0.));
#2669=CARTESIAN_POINT('',(124.,97.1,37.5));
#2670=CARTESIAN_POINT('',(115.236632194509,97.1,37.5));
#2671=CARTESIAN_POINT('',(124.,97.1,0.));
#2672=CARTESIAN_POINT('Origin',(124.,89.6,0.));
#2673=CARTESIAN_POINT('',(131.5,89.6,37.5));
#2674=CARTESIAN_POINT('Origin',(124.,89.6,37.5));
#2675=CARTESIAN_POINT('',(131.5,89.6,0.));
#2676=CARTESIAN_POINT('Origin',(131.5,97.1,0.));
#2677=CARTESIAN_POINT('',(131.5,92.725,37.5));
#2678=CARTESIAN_POINT('Origin',(128.973264389018,88.35,37.5));
#2679=UNCERTAINTY_MEASURE_WITH_UNIT(LENGTH_MEASURE(0.01),#2683,
'DISTANCE_ACCURACY_VALUE',
'Maximum model space distance between geometric entities at asserted c
onnectivities');
#2680=UNCERTAINTY_MEASURE_WITH_UNIT(LENGTH_MEASURE(0.01),#2683,
'DISTANCE_ACCURACY_VALUE',
'Maximum model space distance between geometric entities at asserted c
onnectivities');
#2681=(
GEOMETRIC_REPRESENTATION_CONTEXT(3)
GLOBAL_UNCERTAINTY_ASSIGNED_CONTEXT((#2679))
GLOBAL_UNIT_ASSIGNED_CONTEXT((#2683,#2684,#2685))
REPRESENTATION_CONTEXT('','3D')
);
#2682=(
GEOMETRIC_REPRESENTATION_CONTEXT(3)
GLOBAL_UNCERTAINTY_ASSIGNED_CONTEXT((#2680))
GLOBAL_UNIT_ASSIGNED_CONTEXT((#2683,#2684,#2685))
REPRESENTATION_CONTEXT('','3D')
);
#2683=(
LENGTH_UNIT()
NAMED_UNIT(*)
SI_UNIT(.MILLI.,.METRE.)
);
#2684=(
NAMED_UNIT(*)
PLANE_ANGLE_UNIT()
SI_UNIT($,.RADIAN.)
);
#2685=(
NAMED_UNIT(*)
SI_UNIT($,.STERADIAN.)
SOLID_ANGLE_UNIT()
);
#2686=SHAPE_DEFINITION_REPRESENTATION(#2687,#2688);
#2687=PRODUCT_DEFINITION_SHAPE('',$,#2690);
#2688=SHAPE_REPRESENTATION('',(#1612),#2681);
#2689=PRODUCT_DEFINITION_CONTEXT('part definition',#2694,'design');
#2690=PRODUCT_DEFINITION('2026-08-08-16-07-59-361','Box v3',#2691,#2689);
#2691=PRODUCT_DEFINITION_FORMATION('',$,#2696);
#2692=PRODUCT_RELATED_PRODUCT_CATEGORY('Box v3','Box v3',(#2696));
#2693=APPLICATION_PROTOCOL_DEFINITION('international standard',
'automotive_design',2009,#2694);
#2694=APPLICATION_CONTEXT(
'Core Data for Automotive Mechanical Design Process');
#2695=PRODUCT_CONTEXT('part definition',#2694,'mechanical');
#2696=PRODUCT('2026-08-08-16-07-59-361','Box v3',$,(#2695));
#2697=PRESENTATION_STYLE_ASSIGNMENT((#2717));
#2698=PRESENTATION_STYLE_ASSIGNMENT((#2718));
#2699=PRESENTATION_STYLE_ASSIGNMENT((#2719));
#2700=PRESENTATION_STYLE_ASSIGNMENT((#2720));
#2701=PRESENTATION_STYLE_ASSIGNMENT((#2721));
#2702=PRESENTATION_STYLE_ASSIGNMENT((#2722));
#2703=PRESENTATION_STYLE_ASSIGNMENT((#2723));
#2704=PRESENTATION_STYLE_ASSIGNMENT((#2724));
#2705=PRESENTATION_STYLE_ASSIGNMENT((#2725));
#2706=PRESENTATION_STYLE_ASSIGNMENT((#2726));
#2707=PRESENTATION_STYLE_ASSIGNMENT((#2727));
#2708=PRESENTATION_STYLE_ASSIGNMENT((#2728));
#2709=PRESENTATION_STYLE_ASSIGNMENT((#2729));
#2710=PRESENTATION_STYLE_ASSIGNMENT((#2730));
#2711=PRESENTATION_STYLE_ASSIGNMENT((#2731));
#2712=PRESENTATION_STYLE_ASSIGNMENT((#2732));
#2713=PRESENTATION_STYLE_ASSIGNMENT((#2733));
#2714=PRESENTATION_STYLE_ASSIGNMENT((#2734));
#2715=PRESENTATION_STYLE_ASSIGNMENT((#2735));
#2716=PRESENTATION_STYLE_ASSIGNMENT((#2736));
#2717=SURFACE_STYLE_USAGE(.BOTH.,#2737);
#2718=SURFACE_STYLE_USAGE(.BOTH.,#2738);
#2719=SURFACE_STYLE_USAGE(.BOTH.,#2739);
#2720=SURFACE_STYLE_USAGE(.BOTH.,#2740);
#2721=SURFACE_STYLE_USAGE(.BOTH.,#2741);
#2722=SURFACE_STYLE_USAGE(.BOTH.,#2742);
#2723=SURFACE_STYLE_USAGE(.BOTH.,#2743);
#2724=SURFACE_STYLE_USAGE(.BOTH.,#2744);
#2725=SURFACE_STYLE_USAGE(.BOTH.,#2745);
#2726=SURFACE_STYLE_USAGE(.BOTH.,#2746);
#2727=SURFACE_STYLE_USAGE(.BOTH.,#2747);
#2728=SURFACE_STYLE_USAGE(.BOTH.,#2748);
#2729=SURFACE_STYLE_USAGE(.BOTH.,#2749);
#2730=SURFACE_STYLE_USAGE(.BOTH.,#2750);
#2731=SURFACE_STYLE_USAGE(.BOTH.,#2751);
#2732=SURFACE_STYLE_USAGE(.BOTH.,#2752);
#2733=SURFACE_STYLE_USAGE(.BOTH.,#2753);
#2734=SURFACE_STYLE_USAGE(.BOTH.,#2754);
#2735=SURFACE_STYLE_USAGE(.BOTH.,#2755);
#2736=SURFACE_STYLE_USAGE(.BOTH.,#2756);
#2737=SURFACE_SIDE_STYLE('',(#2757));
#2738=SURFACE_SIDE_STYLE('',(#2758));
#2739=SURFACE_SIDE_STYLE('',(#2759));
#2740=SURFACE_SIDE_STYLE('',(#2760));
#2741=SURFACE_SIDE_STYLE('',(#2761));
#2742=SURFACE_SIDE_STYLE('',(#2762));
#2743=SURFACE_SIDE_STYLE('',(#2763));
#2744=SURFACE_SIDE_STYLE('',(#2764));
#2745=SURFACE_SIDE_STYLE('',(#2765));
#2746=SURFACE_SIDE_STYLE('',(#2766));
#2747=SURFACE_SIDE_STYLE('',(#2767));
#2748=SURFACE_SIDE_STYLE('',(#2768));
#2749=SURFACE_SIDE_STYLE('',(#2769));
#2750=SURFACE_SIDE_STYLE('',(#2770));
#2751=SURFACE_SIDE_STYLE('',(#2771));
#2752=SURFACE_SIDE_STYLE('',(#2772));
#2753=SURFACE_SIDE_STYLE('',(#2773));
#2754=SURFACE_SIDE_STYLE('',(#2774));
#2755=SURFACE_SIDE_STYLE('',(#2775));
#2756=SURFACE_SIDE_STYLE('',(#2776));
#2757=SURFACE_STYLE_FILL_AREA(#2777);
#2758=SURFACE_STYLE_FILL_AREA(#2778);
#2759=SURFACE_STYLE_FILL_AREA(#2779);
#2760=SURFACE_STYLE_FILL_AREA(#2780);
#2761=SURFACE_STYLE_FILL_AREA(#2781);
#2762=SURFACE_STYLE_FILL_AREA(#2782);
#2763=SURFACE_STYLE_FILL_AREA(#2783);
#2764=SURFACE_STYLE_FILL_AREA(#2784);
#2765=SURFACE_STYLE_FILL_AREA(#2785);
#2766=SURFACE_STYLE_FILL_AREA(#2786);
#2767=SURFACE_STYLE_FILL_AREA(#2787);
#2768=SURFACE_STYLE_FILL_AREA(#2788);
#2769=SURFACE_STYLE_FILL_AREA(#2789);
#2770=SURFACE_STYLE_FILL_AREA(#2790);
#2771=SURFACE_STYLE_FILL_AREA(#2791);
#2772=SURFACE_STYLE_FILL_AREA(#2792);
#2773=SURFACE_STYLE_FILL_AREA(#2793);
#2774=SURFACE_STYLE_FILL_AREA(#2794);
#2775=SURFACE_STYLE_FILL_AREA(#2795);
#2776=SURFACE_STYLE_FILL_AREA(#2796);
#2777=FILL_AREA_STYLE('Opaque(120,110,70)',(#2797));
#2778=FILL_AREA_STYLE('Opaque(255,191,0)',(#2798));
#2779=FILL_AREA_STYLE('Opaque(0,170,255)',(#2799));
#2780=FILL_AREA_STYLE('Opaque(25,25,25)',(#2800));
#2781=FILL_AREA_STYLE('Opaque(244,244,244)',(#2801));
#2782=FILL_AREA_STYLE('Opaque(64,64,64)',(#2802));
#2783=FILL_AREA_STYLE('Opaque(246,246,243)',(#2803));
#2784=FILL_AREA_STYLE('Opaque(145,102,87)',(#2804));
#2785=FILL_AREA_STYLE('Opaque(63,63,63)',(#2805));
#2786=FILL_AREA_STYLE('Opaque(170,178,196)',(#2806));
#2787=FILL_AREA_STYLE('Opaque(128,128,128)',(#2807));
#2788=FILL_AREA_STYLE('Opaque(211,170,33)',(#2808));
#2789=FILL_AREA_STYLE('Opaque(255,255,255)',(#2809));
#2790=FILL_AREA_STYLE('Opaque(198,193,188)',(#2810));
#2791=FILL_AREA_STYLE('Opaque(192,192,192)',(#2811));
#2792=FILL_AREA_STYLE('Opaque(80,124,105)',(#2812));
#2793=FILL_AREA_STYLE('Steel - Satin',(#2813));
#2794=FILL_AREA_STYLE('ABS (White) (1)',(#2814));
#2795=FILL_AREA_STYLE('ABS (White)',(#2815));
#2796=FILL_AREA_STYLE('ABS (White)',(#2816));
#2797=FILL_AREA_STYLE_COLOUR('Opaque(120,110,70)',#2817);
#2798=FILL_AREA_STYLE_COLOUR('Opaque(255,191,0)',#2818);
#2799=FILL_AREA_STYLE_COLOUR('Opaque(0,170,255)',#2819);
#2800=FILL_AREA_STYLE_COLOUR('Opaque(25,25,25)',#2820);
#2801=FILL_AREA_STYLE_COLOUR('Opaque(244,244,244)',#2821);
#2802=FILL_AREA_STYLE_COLOUR('Opaque(64,64,64)',#2822);
#2803=FILL_AREA_STYLE_COLOUR('Opaque(246,246,243)',#2823);
#2804=FILL_AREA_STYLE_COLOUR('Opaque(145,102,87)',#2824);
#2805=FILL_AREA_STYLE_COLOUR('Opaque(63,63,63)',#2825);
#2806=FILL_AREA_STYLE_COLOUR('Opaque(170,178,196)',#2826);
#2807=FILL_AREA_STYLE_COLOUR('Opaque(128,128,128)',#2827);
#2808=FILL_AREA_STYLE_COLOUR('Opaque(211,170,33)',#2828);
#2809=FILL_AREA_STYLE_COLOUR('Opaque(255,255,255)',#2829);
#2810=FILL_AREA_STYLE_COLOUR('Opaque(198,193,188)',#2830);
#2811=FILL_AREA_STYLE_COLOUR('Opaque(192,192,192)',#2831);
#2812=FILL_AREA_STYLE_COLOUR('Opaque(80,124,105)',#2832);
#2813=FILL_AREA_STYLE_COLOUR('Steel - Satin',#2833);
#2814=FILL_AREA_STYLE_COLOUR('ABS (White) (1)',#2834);
#2815=FILL_AREA_STYLE_COLOUR('ABS (White)',#2835);
#2816=FILL_AREA_STYLE_COLOUR('ABS (White)',#2836);
#2817=COLOUR_RGB('Opaque(120,110,70)',0.470588235294118,0.431372549019608,
0.274509803921569);
#2818=COLOUR_RGB('Opaque(255,191,0)',1.,0.749019607843137,0.);
#2819=COLOUR_RGB('Opaque(0,170,255)',0.,0.666666666666667,1.);
#2820=COLOUR_RGB('Opaque(25,25,25)',0.0980392156862745,0.0980392156862745,
0.0980392156862745);
#2821=COLOUR_RGB('Opaque(244,244,244)',0.956862745098039,0.956862745098039,
0.956862745098039);
#2822=COLOUR_RGB('Opaque(64,64,64)',0.250980392156863,0.250980392156863,
0.250980392156863);
#2823=COLOUR_RGB('Opaque(246,246,243)',0.964705882352941,0.964705882352941,
0.952941176470588);
#2824=COLOUR_RGB('Opaque(145,102,87)',0.568627450980392,0.4,0.341176470588235);
#2825=COLOUR_RGB('Opaque(63,63,63)',0.250980392156863,0.250980392156863,
0.250980392156863);
#2826=COLOUR_RGB('Opaque(170,178,196)',0.666666666666667,0.698039215686274,
0.768627450980392);
#2827=COLOUR_RGB('Opaque(128,128,128)',0.501960784313725,0.501960784313725,
0.501960784313725);
#2828=COLOUR_RGB('Opaque(211,170,33)',0.827450980392157,0.666666666666667,
0.129411764705882);
#2829=COLOUR_RGB('Opaque(255,255,255)',1.,1.,1.);
#2830=COLOUR_RGB('Opaque(198,193,188)',0.776470588235294,0.756862745098039,
0.737254901960784);
#2831=COLOUR_RGB('Opaque(192,192,192)',0.752941176470588,0.752941176470588,
0.752941176470588);
#2832=COLOUR_RGB('Opaque(80,124,105)',0.313725490196078,0.486274509803922,
0.411764705882353);
#2833=COLOUR_RGB('Steel - Satin',0.627450980392157,0.627450980392157,0.627450980392157);
#2834=COLOUR_RGB('ABS (White) (1)',0.76078431372549,0.882352941176471,0.537254901960784);
#2835=COLOUR_RGB('ABS (White)',0.380392156862745,0.776470588235294,0.501960784313725);
#2836=COLOUR_RGB('ABS (White)',0.964705882352941,0.964705882352941,0.952941176470588);
ENDSEC;
END-ISO-10303-21;
